<?xml version="1.0" encoding="UTF-8"?>
<frame version="1.2.0">
  <cameras>
    <camera camera_id="0">
      <photo path="../../../../../../../../../Desktop/untitled folder/IMG_5606.jpeg">
        <meta>
          <property name="Exif/ApertureValue" value="1.69599"/>
          <property name="Exif/DateTime" value="2022:11:09 11:42:34"/>
          <property name="Exif/DateTimeOriginal" value="2022:11:09 11:42:34"/>
          <property name="Exif/ExposureTime" value="0.00819672"/>
          <property name="Exif/FNumber" value="1.8"/>
          <property name="Exif/FocalLength" value="4.25"/>
          <property name="Exif/FocalLengthIn35mmFilm" value="26"/>
          <property name="Exif/ISOSpeedRatings" value="32"/>
          <property name="Exif/LensMake" value="Apple"/>
          <property name="Exif/LensModel" value="iPhone XR back camera 4.25mm f/1.8"/>
          <property name="Exif/Make" value="Apple"/>
          <property name="Exif/Model" value="iPhone XR"/>
          <property name="Exif/Orientation" value="6"/>
          <property name="Exif/ShutterSpeedValue" value="6.92542"/>
          <property name="Exif/Software" value="16.0.2"/>
          <property name="File/ImageHeight" value="3024"/>
          <property name="File/ImageWidth" value="4032"/>
          <property name="System/FileModifyDate" value="2022:11:09 12:59:34"/>
          <property name="System/FileSize" value="2474357"/>
        </meta>
      </photo>
    </camera>
    <camera camera_id="1">
      <photo path="../../../../../../../../../Desktop/untitled folder/IMG_5607.jpeg">
        <meta>
          <property name="Exif/ApertureValue" value="1.69599"/>
          <property name="Exif/DateTime" value="2022:11:09 11:42:39"/>
          <property name="Exif/DateTimeOriginal" value="2022:11:09 11:42:39"/>
          <property name="Exif/ExposureTime" value="0.00826446"/>
          <property name="Exif/FNumber" value="1.8"/>
          <property name="Exif/FocalLength" value="4.25"/>
          <property name="Exif/FocalLengthIn35mmFilm" value="26"/>
          <property name="Exif/ISOSpeedRatings" value="25"/>
          <property name="Exif/LensMake" value="Apple"/>
          <property name="Exif/LensModel" value="iPhone XR back camera 4.25mm f/1.8"/>
          <property name="Exif/Make" value="Apple"/>
          <property name="Exif/Model" value="iPhone XR"/>
          <property name="Exif/Orientation" value="6"/>
          <property name="Exif/ShutterSpeedValue" value="6.92367"/>
          <property name="Exif/Software" value="16.0.2"/>
          <property name="File/ImageHeight" value="3024"/>
          <property name="File/ImageWidth" value="4032"/>
          <property name="System/FileModifyDate" value="2022:11:09 12:59:35"/>
          <property name="System/FileSize" value="2111991"/>
        </meta>
      </photo>
    </camera>
    <camera camera_id="2">
      <photo path="../../../../../../../../../Desktop/untitled folder/IMG_5608.jpeg">
        <meta>
          <property name="Exif/ApertureValue" value="1.69599"/>
          <property name="Exif/DateTime" value="2022:11:09 11:42:45"/>
          <property name="Exif/DateTimeOriginal" value="2022:11:09 11:42:45"/>
          <property name="Exif/ExposureTime" value="0.00826446"/>
          <property name="Exif/FNumber" value="1.8"/>
          <property name="Exif/FocalLength" value="4.25"/>
          <property name="Exif/FocalLengthIn35mmFilm" value="26"/>
          <property name="Exif/ISOSpeedRatings" value="50"/>
          <property name="Exif/LensMake" value="Apple"/>
          <property name="Exif/LensModel" value="iPhone XR back camera 4.25mm f/1.8"/>
          <property name="Exif/Make" value="Apple"/>
          <property name="Exif/Model" value="iPhone XR"/>
          <property name="Exif/Orientation" value="6"/>
          <property name="Exif/ShutterSpeedValue" value="6.92367"/>
          <property name="Exif/Software" value="16.0.2"/>
          <property name="File/ImageHeight" value="3024"/>
          <property name="File/ImageWidth" value="4032"/>
          <property name="System/FileModifyDate" value="2022:11:09 12:59:36"/>
          <property name="System/FileSize" value="2374938"/>
        </meta>
      </photo>
    </camera>
    <camera camera_id="3">
      <photo path="../../../../../../../../../Desktop/untitled folder/IMG_5609.jpeg">
        <meta>
          <property name="Exif/ApertureValue" value="1.69599"/>
          <property name="Exif/DateTime" value="2022:11:09 11:42:49"/>
          <property name="Exif/DateTimeOriginal" value="2022:11:09 11:42:49"/>
          <property name="Exif/ExposureTime" value="0.00826446"/>
          <property name="Exif/FNumber" value="1.8"/>
          <property name="Exif/FocalLength" value="4.25"/>
          <property name="Exif/FocalLengthIn35mmFilm" value="26"/>
          <property name="Exif/ISOSpeedRatings" value="80"/>
          <property name="Exif/LensMake" value="Apple"/>
          <property name="Exif/LensModel" value="iPhone XR back camera 4.25mm f/1.8"/>
          <property name="Exif/Make" value="Apple"/>
          <property name="Exif/Model" value="iPhone XR"/>
          <property name="Exif/Orientation" value="6"/>
          <property name="Exif/ShutterSpeedValue" value="6.92367"/>
          <property name="Exif/Software" value="16.0.2"/>
          <property name="File/ImageHeight" value="3024"/>
          <property name="File/ImageWidth" value="4032"/>
          <property name="System/FileModifyDate" value="2022:11:09 12:59:36"/>
          <property name="System/FileSize" value="2311707"/>
        </meta>
      </photo>
    </camera>
    <camera camera_id="4">
      <photo path="../../../../../../../../../Desktop/untitled folder/IMG_5610.jpeg">
        <meta>
          <property name="Exif/ApertureValue" value="1.69599"/>
          <property name="Exif/DateTime" value="2022:11:09 11:42:57"/>
          <property name="Exif/DateTimeOriginal" value="2022:11:09 11:42:57"/>
          <property name="Exif/ExposureTime" value="0.00884956"/>
          <property name="Exif/FNumber" value="1.8"/>
          <property name="Exif/FocalLength" value="4.25"/>
          <property name="Exif/FocalLengthIn35mmFilm" value="26"/>
          <property name="Exif/ISOSpeedRatings" value="100"/>
          <property name="Exif/LensMake" value="Apple"/>
          <property name="Exif/LensModel" value="iPhone XR back camera 4.25mm f/1.8"/>
          <property name="Exif/Make" value="Apple"/>
          <property name="Exif/Model" value="iPhone XR"/>
          <property name="Exif/Orientation" value="6"/>
          <property name="Exif/ShutterSpeedValue" value="6.82451"/>
          <property name="Exif/Software" value="16.0.2"/>
          <property name="File/ImageHeight" value="3024"/>
          <property name="File/ImageWidth" value="4032"/>
          <property name="System/FileModifyDate" value="2022:11:09 12:59:37"/>
          <property name="System/FileSize" value="2731311"/>
        </meta>
      </photo>
    </camera>
    <camera camera_id="5">
      <photo path="../../../../../../../../../Desktop/untitled folder/IMG_5611.jpeg">
        <meta>
          <property name="Exif/ApertureValue" value="1.69599"/>
          <property name="Exif/DateTime" value="2022:11:09 11:43:01"/>
          <property name="Exif/DateTimeOriginal" value="2022:11:09 11:43:01"/>
          <property name="Exif/ExposureTime" value="0.00980392"/>
          <property name="Exif/FNumber" value="1.8"/>
          <property name="Exif/FocalLength" value="4.25"/>
          <property name="Exif/FocalLengthIn35mmFilm" value="26"/>
          <property name="Exif/ISOSpeedRatings" value="100"/>
          <property name="Exif/LensMake" value="Apple"/>
          <property name="Exif/LensModel" value="iPhone XR back camera 4.25mm f/1.8"/>
          <property name="Exif/Make" value="Apple"/>
          <property name="Exif/Model" value="iPhone XR"/>
          <property name="Exif/Orientation" value="6"/>
          <property name="Exif/ShutterSpeedValue" value="6.67065"/>
          <property name="Exif/Software" value="16.0.2"/>
          <property name="File/ImageHeight" value="3024"/>
          <property name="File/ImageWidth" value="4032"/>
          <property name="System/FileModifyDate" value="2022:11:09 12:59:39"/>
          <property name="System/FileSize" value="3377116"/>
        </meta>
      </photo>
    </camera>
    <camera camera_id="6">
      <photo path="../../../../../../../../../Desktop/untitled folder/IMG_5612.jpeg">
        <meta>
          <property name="Exif/ApertureValue" value="1.69599"/>
          <property name="Exif/DateTime" value="2022:11:09 11:43:07"/>
          <property name="Exif/DateTimeOriginal" value="2022:11:09 11:43:07"/>
          <property name="Exif/ExposureTime" value="0.00826446"/>
          <property name="Exif/FNumber" value="1.8"/>
          <property name="Exif/FocalLength" value="4.25"/>
          <property name="Exif/FocalLengthIn35mmFilm" value="26"/>
          <property name="Exif/ISOSpeedRatings" value="80"/>
          <property name="Exif/LensMake" value="Apple"/>
          <property name="Exif/LensModel" value="iPhone XR back camera 4.25mm f/1.8"/>
          <property name="Exif/Make" value="Apple"/>
          <property name="Exif/Model" value="iPhone XR"/>
          <property name="Exif/Orientation" value="6"/>
          <property name="Exif/ShutterSpeedValue" value="6.92367"/>
          <property name="Exif/Software" value="16.0.2"/>
          <property name="File/ImageHeight" value="3024"/>
          <property name="File/ImageWidth" value="4032"/>
          <property name="System/FileModifyDate" value="2022:11:09 12:59:38"/>
          <property name="System/FileSize" value="2745451"/>
        </meta>
      </photo>
    </camera>
    <camera camera_id="7">
      <photo path="../../../../../../../../../Desktop/untitled folder/IMG_5613.jpeg">
        <meta>
          <property name="Exif/ApertureValue" value="1.69599"/>
          <property name="Exif/DateTime" value="2022:11:09 11:43:16"/>
          <property name="Exif/DateTimeOriginal" value="2022:11:09 11:43:16"/>
          <property name="Exif/ExposureTime" value="0.00826446"/>
          <property name="Exif/FNumber" value="1.8"/>
          <property name="Exif/FocalLength" value="4.25"/>
          <property name="Exif/FocalLengthIn35mmFilm" value="26"/>
          <property name="Exif/ISOSpeedRatings" value="50"/>
          <property name="Exif/LensMake" value="Apple"/>
          <property name="Exif/LensModel" value="iPhone XR back camera 4.25mm f/1.8"/>
          <property name="Exif/Make" value="Apple"/>
          <property name="Exif/Model" value="iPhone XR"/>
          <property name="Exif/Orientation" value="6"/>
          <property name="Exif/ShutterSpeedValue" value="6.92367"/>
          <property name="Exif/Software" value="16.0.2"/>
          <property name="File/ImageHeight" value="3024"/>
          <property name="File/ImageWidth" value="4032"/>
          <property name="System/FileModifyDate" value="2022:11:09 12:59:40"/>
          <property name="System/FileSize" value="2589533"/>
        </meta>
      </photo>
    </camera>
    <camera camera_id="8">
      <photo path="../../../../../../../../../Desktop/untitled folder/IMG_5614.jpeg">
        <meta>
          <property name="Exif/ApertureValue" value="1.69599"/>
          <property name="Exif/DateTime" value="2022:11:09 11:43:16"/>
          <property name="Exif/DateTimeOriginal" value="2022:11:09 11:43:16"/>
          <property name="Exif/ExposureTime" value="0.00826446"/>
          <property name="Exif/FNumber" value="1.8"/>
          <property name="Exif/FocalLength" value="4.25"/>
          <property name="Exif/FocalLengthIn35mmFilm" value="26"/>
          <property name="Exif/ISOSpeedRatings" value="50"/>
          <property name="Exif/LensMake" value="Apple"/>
          <property name="Exif/LensModel" value="iPhone XR back camera 4.25mm f/1.8"/>
          <property name="Exif/Make" value="Apple"/>
          <property name="Exif/Model" value="iPhone XR"/>
          <property name="Exif/Orientation" value="6"/>
          <property name="Exif/ShutterSpeedValue" value="6.92367"/>
          <property name="Exif/Software" value="16.0.2"/>
          <property name="File/ImageHeight" value="3024"/>
          <property name="File/ImageWidth" value="4032"/>
          <property name="System/FileModifyDate" value="2022:11:09 12:59:41"/>
          <property name="System/FileSize" value="2850661"/>
        </meta>
      </photo>
    </camera>
    <camera camera_id="9">
      <photo path="../../../../../../../../../Desktop/untitled folder/IMG_5615.jpeg">
        <meta>
          <property name="Exif/ApertureValue" value="1.69599"/>
          <property name="Exif/DateTime" value="2022:11:09 11:43:29"/>
          <property name="Exif/DateTimeOriginal" value="2022:11:09 11:43:29"/>
          <property name="Exif/ExposureTime" value="0.00943396"/>
          <property name="Exif/FNumber" value="1.8"/>
          <property name="Exif/FocalLength" value="4.25"/>
          <property name="Exif/FocalLengthIn35mmFilm" value="26"/>
          <property name="Exif/ISOSpeedRatings" value="100"/>
          <property name="Exif/LensMake" value="Apple"/>
          <property name="Exif/LensModel" value="iPhone XR back camera 4.25mm f/1.8"/>
          <property name="Exif/Make" value="Apple"/>
          <property name="Exif/Model" value="iPhone XR"/>
          <property name="Exif/Orientation" value="6"/>
          <property name="Exif/ShutterSpeedValue" value="6.73328"/>
          <property name="Exif/Software" value="16.0.2"/>
          <property name="File/ImageHeight" value="3024"/>
          <property name="File/ImageWidth" value="4032"/>
          <property name="System/FileModifyDate" value="2022:11:09 12:59:42"/>
          <property name="System/FileSize" value="2205416"/>
        </meta>
      </photo>
    </camera>
    <camera camera_id="10">
      <photo path="../../../../../../../../../Desktop/untitled folder/IMG_5616.jpeg">
        <meta>
          <property name="Exif/ApertureValue" value="1.69599"/>
          <property name="Exif/DateTime" value="2022:11:09 11:43:36"/>
          <property name="Exif/DateTimeOriginal" value="2022:11:09 11:43:36"/>
          <property name="Exif/ExposureTime" value="0.00952381"/>
          <property name="Exif/FNumber" value="1.8"/>
          <property name="Exif/FocalLength" value="4.25"/>
          <property name="Exif/FocalLengthIn35mmFilm" value="26"/>
          <property name="Exif/ISOSpeedRatings" value="100"/>
          <property name="Exif/LensMake" value="Apple"/>
          <property name="Exif/LensModel" value="iPhone XR back camera 4.25mm f/1.8"/>
          <property name="Exif/Make" value="Apple"/>
          <property name="Exif/Model" value="iPhone XR"/>
          <property name="Exif/Orientation" value="6"/>
          <property name="Exif/ShutterSpeedValue" value="6.71816"/>
          <property name="Exif/Software" value="16.0.2"/>
          <property name="File/ImageHeight" value="3024"/>
          <property name="File/ImageWidth" value="4032"/>
          <property name="System/FileModifyDate" value="2022:11:09 12:59:41"/>
          <property name="System/FileSize" value="2325021"/>
        </meta>
      </photo>
    </camera>
    <camera camera_id="11">
      <photo path="../../../../../../../../../Desktop/untitled folder/IMG_5617.jpeg">
        <meta>
          <property name="Exif/ApertureValue" value="1.69599"/>
          <property name="Exif/DateTime" value="2022:11:09 11:43:42"/>
          <property name="Exif/DateTimeOriginal" value="2022:11:09 11:43:42"/>
          <property name="Exif/ExposureTime" value="0.00909091"/>
          <property name="Exif/FNumber" value="1.8"/>
          <property name="Exif/FocalLength" value="4.25"/>
          <property name="Exif/FocalLengthIn35mmFilm" value="26"/>
          <property name="Exif/ISOSpeedRatings" value="100"/>
          <property name="Exif/LensMake" value="Apple"/>
          <property name="Exif/LensModel" value="iPhone XR back camera 4.25mm f/1.8"/>
          <property name="Exif/Make" value="Apple"/>
          <property name="Exif/Model" value="iPhone XR"/>
          <property name="Exif/Orientation" value="6"/>
          <property name="Exif/ShutterSpeedValue" value="6.77659"/>
          <property name="Exif/Software" value="16.0.2"/>
          <property name="File/ImageHeight" value="3024"/>
          <property name="File/ImageWidth" value="4032"/>
          <property name="System/FileModifyDate" value="2022:11:09 12:59:43"/>
          <property name="System/FileSize" value="2273310"/>
        </meta>
      </photo>
    </camera>
    <camera camera_id="12">
      <photo path="../../../../../../../../../Desktop/untitled folder/IMG_5618.jpeg">
        <meta>
          <property name="Exif/ApertureValue" value="1.69599"/>
          <property name="Exif/DateTime" value="2022:11:09 11:43:42"/>
          <property name="Exif/DateTimeOriginal" value="2022:11:09 11:43:42"/>
          <property name="Exif/ExposureTime" value="0.00909091"/>
          <property name="Exif/FNumber" value="1.8"/>
          <property name="Exif/FocalLength" value="4.25"/>
          <property name="Exif/FocalLengthIn35mmFilm" value="26"/>
          <property name="Exif/ISOSpeedRatings" value="100"/>
          <property name="Exif/LensMake" value="Apple"/>
          <property name="Exif/LensModel" value="iPhone XR back camera 4.25mm f/1.8"/>
          <property name="Exif/Make" value="Apple"/>
          <property name="Exif/Model" value="iPhone XR"/>
          <property name="Exif/Orientation" value="6"/>
          <property name="Exif/ShutterSpeedValue" value="6.77659"/>
          <property name="Exif/Software" value="16.0.2"/>
          <property name="File/ImageHeight" value="3024"/>
          <property name="File/ImageWidth" value="4032"/>
          <property name="System/FileModifyDate" value="2022:11:09 12:59:43"/>
          <property name="System/FileSize" value="2245369"/>
        </meta>
      </photo>
    </camera>
    <camera camera_id="13">
      <photo path="../../../../../../../../../Desktop/untitled folder/IMG_5619.jpeg">
        <meta>
          <property name="Exif/ApertureValue" value="1.69599"/>
          <property name="Exif/DateTime" value="2022:11:09 11:43:46"/>
          <property name="Exif/DateTimeOriginal" value="2022:11:09 11:43:46"/>
          <property name="Exif/ExposureTime" value="0.0102041"/>
          <property name="Exif/FNumber" value="1.8"/>
          <property name="Exif/FocalLength" value="4.25"/>
          <property name="Exif/FocalLengthIn35mmFilm" value="26"/>
          <property name="Exif/ISOSpeedRatings" value="100"/>
          <property name="Exif/LensMake" value="Apple"/>
          <property name="Exif/LensModel" value="iPhone XR back camera 4.25mm f/1.8"/>
          <property name="Exif/Make" value="Apple"/>
          <property name="Exif/Model" value="iPhone XR"/>
          <property name="Exif/Orientation" value="6"/>
          <property name="Exif/ShutterSpeedValue" value="6.61897"/>
          <property name="Exif/Software" value="16.0.2"/>
          <property name="File/ImageHeight" value="3024"/>
          <property name="File/ImageWidth" value="4032"/>
          <property name="System/FileModifyDate" value="2022:11:09 12:59:44"/>
          <property name="System/FileSize" value="2273971"/>
        </meta>
      </photo>
    </camera>
    <camera camera_id="14">
      <photo path="../../../../../../../../../Desktop/untitled folder/IMG_5620.jpeg">
        <meta>
          <property name="Exif/ApertureValue" value="1.69599"/>
          <property name="Exif/DateTime" value="2022:11:09 11:43:52"/>
          <property name="Exif/DateTimeOriginal" value="2022:11:09 11:43:52"/>
          <property name="Exif/ExposureTime" value="0.00826446"/>
          <property name="Exif/FNumber" value="1.8"/>
          <property name="Exif/FocalLength" value="4.25"/>
          <property name="Exif/FocalLengthIn35mmFilm" value="26"/>
          <property name="Exif/ISOSpeedRatings" value="64"/>
          <property name="Exif/LensMake" value="Apple"/>
          <property name="Exif/LensModel" value="iPhone XR back camera 4.25mm f/1.8"/>
          <property name="Exif/Make" value="Apple"/>
          <property name="Exif/Model" value="iPhone XR"/>
          <property name="Exif/Orientation" value="6"/>
          <property name="Exif/ShutterSpeedValue" value="6.92367"/>
          <property name="Exif/Software" value="16.0.2"/>
          <property name="File/ImageHeight" value="3024"/>
          <property name="File/ImageWidth" value="4032"/>
          <property name="System/FileModifyDate" value="2022:11:09 12:59:45"/>
          <property name="System/FileSize" value="2901948"/>
        </meta>
      </photo>
    </camera>
    <camera camera_id="15">
      <photo path="../../../../../../../../../Desktop/untitled folder/IMG_5621.jpeg">
        <meta>
          <property name="Exif/ApertureValue" value="1.69599"/>
          <property name="Exif/DateTime" value="2022:11:09 11:43:54"/>
          <property name="Exif/DateTimeOriginal" value="2022:11:09 11:43:54"/>
          <property name="Exif/ExposureTime" value="0.00826446"/>
          <property name="Exif/FNumber" value="1.8"/>
          <property name="Exif/FocalLength" value="4.25"/>
          <property name="Exif/FocalLengthIn35mmFilm" value="26"/>
          <property name="Exif/ISOSpeedRatings" value="64"/>
          <property name="Exif/LensMake" value="Apple"/>
          <property name="Exif/LensModel" value="iPhone XR back camera 4.25mm f/1.8"/>
          <property name="Exif/Make" value="Apple"/>
          <property name="Exif/Model" value="iPhone XR"/>
          <property name="Exif/Orientation" value="6"/>
          <property name="Exif/ShutterSpeedValue" value="6.92367"/>
          <property name="Exif/Software" value="16.0.2"/>
          <property name="File/ImageHeight" value="3024"/>
          <property name="File/ImageWidth" value="4032"/>
          <property name="System/FileModifyDate" value="2022:11:09 12:59:46"/>
          <property name="System/FileSize" value="2964713"/>
        </meta>
      </photo>
    </camera>
    <camera camera_id="16">
      <photo path="../../../../../../../../../Desktop/untitled folder/IMG_5622.jpeg">
        <meta>
          <property name="Exif/ApertureValue" value="1.69599"/>
          <property name="Exif/DateTime" value="2022:11:09 11:43:58"/>
          <property name="Exif/DateTimeOriginal" value="2022:11:09 11:43:58"/>
          <property name="Exif/ExposureTime" value="0.00952381"/>
          <property name="Exif/FNumber" value="1.8"/>
          <property name="Exif/FocalLength" value="4.25"/>
          <property name="Exif/FocalLengthIn35mmFilm" value="26"/>
          <property name="Exif/ISOSpeedRatings" value="100"/>
          <property name="Exif/LensMake" value="Apple"/>
          <property name="Exif/LensModel" value="iPhone XR back camera 4.25mm f/1.8"/>
          <property name="Exif/Make" value="Apple"/>
          <property name="Exif/Model" value="iPhone XR"/>
          <property name="Exif/Orientation" value="6"/>
          <property name="Exif/ShutterSpeedValue" value="6.7121"/>
          <property name="Exif/Software" value="16.0.2"/>
          <property name="File/ImageHeight" value="3024"/>
          <property name="File/ImageWidth" value="4032"/>
          <property name="System/FileModifyDate" value="2022:11:09 12:59:47"/>
          <property name="System/FileSize" value="3067076"/>
        </meta>
      </photo>
    </camera>
    <camera camera_id="17">
      <photo path="../../../../../../../../../Desktop/untitled folder/IMG_5623.jpeg">
        <meta>
          <property name="Exif/ApertureValue" value="1.69599"/>
          <property name="Exif/DateTime" value="2022:11:09 11:44:02"/>
          <property name="Exif/DateTimeOriginal" value="2022:11:09 11:44:02"/>
          <property name="Exif/ExposureTime" value="0.0163934"/>
          <property name="Exif/FNumber" value="1.8"/>
          <property name="Exif/FocalLength" value="4.25"/>
          <property name="Exif/FocalLengthIn35mmFilm" value="26"/>
          <property name="Exif/ISOSpeedRatings" value="100"/>
          <property name="Exif/LensMake" value="Apple"/>
          <property name="Exif/LensModel" value="iPhone XR back camera 4.25mm f/1.8"/>
          <property name="Exif/Make" value="Apple"/>
          <property name="Exif/Model" value="iPhone XR"/>
          <property name="Exif/Orientation" value="6"/>
          <property name="Exif/ShutterSpeedValue" value="5.92937"/>
          <property name="Exif/Software" value="16.0.2"/>
          <property name="File/ImageHeight" value="3024"/>
          <property name="File/ImageWidth" value="4032"/>
          <property name="System/FileModifyDate" value="2022:11:09 12:59:48"/>
          <property name="System/FileSize" value="3260590"/>
        </meta>
      </photo>
    </camera>
    <camera camera_id="18">
      <photo path="../../../../../../../../../Desktop/untitled folder/IMG_5624.jpeg">
        <meta>
          <property name="Exif/ApertureValue" value="1.69599"/>
          <property name="Exif/DateTime" value="2022:11:09 11:44:06"/>
          <property name="Exif/DateTimeOriginal" value="2022:11:09 11:44:06"/>
          <property name="Exif/ExposureTime" value="0.00952381"/>
          <property name="Exif/FNumber" value="1.8"/>
          <property name="Exif/FocalLength" value="4.25"/>
          <property name="Exif/FocalLengthIn35mmFilm" value="26"/>
          <property name="Exif/ISOSpeedRatings" value="100"/>
          <property name="Exif/LensMake" value="Apple"/>
          <property name="Exif/LensModel" value="iPhone XR back camera 4.25mm f/1.8"/>
          <property name="Exif/Make" value="Apple"/>
          <property name="Exif/Model" value="iPhone XR"/>
          <property name="Exif/Orientation" value="6"/>
          <property name="Exif/ShutterSpeedValue" value="6.71816"/>
          <property name="Exif/Software" value="16.0.2"/>
          <property name="File/ImageHeight" value="3024"/>
          <property name="File/ImageWidth" value="4032"/>
          <property name="System/FileModifyDate" value="2022:11:09 12:59:51"/>
          <property name="System/FileSize" value="3037144"/>
        </meta>
      </photo>
    </camera>
    <camera camera_id="19">
      <photo path="../../../../../../../../../Desktop/untitled folder/IMG_5625.jpeg">
        <meta>
          <property name="Exif/ApertureValue" value="1.69599"/>
          <property name="Exif/DateTime" value="2022:11:09 11:44:08"/>
          <property name="Exif/DateTimeOriginal" value="2022:11:09 11:44:08"/>
          <property name="Exif/ExposureTime" value="0.00826446"/>
          <property name="Exif/FNumber" value="1.8"/>
          <property name="Exif/FocalLength" value="4.25"/>
          <property name="Exif/FocalLengthIn35mmFilm" value="26"/>
          <property name="Exif/ISOSpeedRatings" value="80"/>
          <property name="Exif/LensMake" value="Apple"/>
          <property name="Exif/LensModel" value="iPhone XR back camera 4.25mm f/1.8"/>
          <property name="Exif/Make" value="Apple"/>
          <property name="Exif/Model" value="iPhone XR"/>
          <property name="Exif/Orientation" value="6"/>
          <property name="Exif/ShutterSpeedValue" value="6.92367"/>
          <property name="Exif/Software" value="16.0.2"/>
          <property name="File/ImageHeight" value="3024"/>
          <property name="File/ImageWidth" value="4032"/>
          <property name="System/FileModifyDate" value="2022:11:09 12:59:52"/>
          <property name="System/FileSize" value="3250026"/>
        </meta>
      </photo>
    </camera>
    <camera camera_id="20">
      <photo path="../../../../../../../../../Desktop/untitled folder/IMG_5626.jpeg">
        <meta>
          <property name="Exif/ApertureValue" value="1.69599"/>
          <property name="Exif/DateTime" value="2022:11:09 11:44:11"/>
          <property name="Exif/DateTimeOriginal" value="2022:11:09 11:44:11"/>
          <property name="Exif/ExposureTime" value="0.00826446"/>
          <property name="Exif/FNumber" value="1.8"/>
          <property name="Exif/FocalLength" value="4.25"/>
          <property name="Exif/FocalLengthIn35mmFilm" value="26"/>
          <property name="Exif/ISOSpeedRatings" value="64"/>
          <property name="Exif/LensMake" value="Apple"/>
          <property name="Exif/LensModel" value="iPhone XR back camera 4.25mm f/1.8"/>
          <property name="Exif/Make" value="Apple"/>
          <property name="Exif/Model" value="iPhone XR"/>
          <property name="Exif/Orientation" value="6"/>
          <property name="Exif/ShutterSpeedValue" value="6.92367"/>
          <property name="Exif/Software" value="16.0.2"/>
          <property name="File/ImageHeight" value="3024"/>
          <property name="File/ImageWidth" value="4032"/>
          <property name="System/FileModifyDate" value="2022:11:09 12:59:53"/>
          <property name="System/FileSize" value="2466942"/>
        </meta>
      </photo>
    </camera>
    <camera camera_id="21">
      <photo path="../../../../../../../../../Desktop/untitled folder/IMG_5627.jpeg">
        <meta>
          <property name="Exif/ApertureValue" value="1.69599"/>
          <property name="Exif/DateTime" value="2022:11:09 11:44:12"/>
          <property name="Exif/DateTimeOriginal" value="2022:11:09 11:44:12"/>
          <property name="Exif/ExposureTime" value="0.00826446"/>
          <property name="Exif/FNumber" value="1.8"/>
          <property name="Exif/FocalLength" value="4.25"/>
          <property name="Exif/FocalLengthIn35mmFilm" value="26"/>
          <property name="Exif/ISOSpeedRatings" value="50"/>
          <property name="Exif/LensMake" value="Apple"/>
          <property name="Exif/LensModel" value="iPhone XR back camera 4.25mm f/1.8"/>
          <property name="Exif/Make" value="Apple"/>
          <property name="Exif/Model" value="iPhone XR"/>
          <property name="Exif/Orientation" value="6"/>
          <property name="Exif/ShutterSpeedValue" value="6.92367"/>
          <property name="Exif/Software" value="16.0.2"/>
          <property name="File/ImageHeight" value="3024"/>
          <property name="File/ImageWidth" value="4032"/>
          <property name="System/FileModifyDate" value="2022:11:09 12:59:55"/>
          <property name="System/FileSize" value="2410665"/>
        </meta>
      </photo>
    </camera>
    <camera camera_id="22">
      <photo path="../../../../../../../../../Desktop/untitled folder/IMG_5628.jpeg">
        <meta>
          <property name="Exif/ApertureValue" value="1.69599"/>
          <property name="Exif/DateTime" value="2022:11:09 11:44:16"/>
          <property name="Exif/DateTimeOriginal" value="2022:11:09 11:44:16"/>
          <property name="Exif/ExposureTime" value="0.00925926"/>
          <property name="Exif/FNumber" value="1.8"/>
          <property name="Exif/FocalLength" value="4.25"/>
          <property name="Exif/FocalLengthIn35mmFilm" value="26"/>
          <property name="Exif/ISOSpeedRatings" value="100"/>
          <property name="Exif/LensMake" value="Apple"/>
          <property name="Exif/LensModel" value="iPhone XR back camera 4.25mm f/1.8"/>
          <property name="Exif/Make" value="Apple"/>
          <property name="Exif/Model" value="iPhone XR"/>
          <property name="Exif/Orientation" value="6"/>
          <property name="Exif/ShutterSpeedValue" value="6.75477"/>
          <property name="Exif/Software" value="16.0.2"/>
          <property name="File/ImageHeight" value="3024"/>
          <property name="File/ImageWidth" value="4032"/>
          <property name="System/FileModifyDate" value="2022:11:09 12:59:56"/>
          <property name="System/FileSize" value="3037294"/>
        </meta>
      </photo>
    </camera>
    <camera camera_id="23">
      <photo path="../../../../../../../../../Desktop/untitled folder/IMG_5629.jpeg">
        <meta>
          <property name="Exif/ApertureValue" value="1.69599"/>
          <property name="Exif/DateTime" value="2022:11:09 11:44:21"/>
          <property name="Exif/DateTimeOriginal" value="2022:11:09 11:44:21"/>
          <property name="Exif/ExposureTime" value="0.00869565"/>
          <property name="Exif/FNumber" value="1.8"/>
          <property name="Exif/FocalLength" value="4.25"/>
          <property name="Exif/FocalLengthIn35mmFilm" value="26"/>
          <property name="Exif/ISOSpeedRatings" value="100"/>
          <property name="Exif/LensMake" value="Apple"/>
          <property name="Exif/LensModel" value="iPhone XR back camera 4.25mm f/1.8"/>
          <property name="Exif/Make" value="Apple"/>
          <property name="Exif/Model" value="iPhone XR"/>
          <property name="Exif/Orientation" value="6"/>
          <property name="Exif/ShutterSpeedValue" value="6.85075"/>
          <property name="Exif/Software" value="16.0.2"/>
          <property name="File/ImageHeight" value="3024"/>
          <property name="File/ImageWidth" value="4032"/>
          <property name="System/FileModifyDate" value="2022:11:09 12:59:58"/>
          <property name="System/FileSize" value="3325808"/>
        </meta>
      </photo>
    </camera>
    <camera camera_id="24">
      <photo path="../../../../../../../../../Desktop/untitled folder/IMG_5630.jpeg">
        <meta>
          <property name="Exif/ApertureValue" value="1.69599"/>
          <property name="Exif/DateTime" value="2022:11:09 11:44:23"/>
          <property name="Exif/DateTimeOriginal" value="2022:11:09 11:44:23"/>
          <property name="Exif/ExposureTime" value="0.00826446"/>
          <property name="Exif/FNumber" value="1.8"/>
          <property name="Exif/FocalLength" value="4.25"/>
          <property name="Exif/FocalLengthIn35mmFilm" value="26"/>
          <property name="Exif/ISOSpeedRatings" value="80"/>
          <property name="Exif/LensMake" value="Apple"/>
          <property name="Exif/LensModel" value="iPhone XR back camera 4.25mm f/1.8"/>
          <property name="Exif/Make" value="Apple"/>
          <property name="Exif/Model" value="iPhone XR"/>
          <property name="Exif/Orientation" value="6"/>
          <property name="Exif/ShutterSpeedValue" value="6.92367"/>
          <property name="Exif/Software" value="16.0.2"/>
          <property name="File/ImageHeight" value="3024"/>
          <property name="File/ImageWidth" value="4032"/>
          <property name="System/FileModifyDate" value="2022:11:09 12:59:59"/>
          <property name="System/FileSize" value="3753974"/>
        </meta>
      </photo>
    </camera>
    <camera camera_id="25">
      <photo path="../../../../../../../../../Desktop/untitled folder/IMG_5631.jpeg">
        <meta>
          <property name="Exif/ApertureValue" value="1.69599"/>
          <property name="Exif/DateTime" value="2022:11:09 11:44:27"/>
          <property name="Exif/DateTimeOriginal" value="2022:11:09 11:44:27"/>
          <property name="Exif/ExposureTime" value="0.00826446"/>
          <property name="Exif/FNumber" value="1.8"/>
          <property name="Exif/FocalLength" value="4.25"/>
          <property name="Exif/FocalLengthIn35mmFilm" value="26"/>
          <property name="Exif/ISOSpeedRatings" value="50"/>
          <property name="Exif/LensMake" value="Apple"/>
          <property name="Exif/LensModel" value="iPhone XR back camera 4.25mm f/1.8"/>
          <property name="Exif/Make" value="Apple"/>
          <property name="Exif/Model" value="iPhone XR"/>
          <property name="Exif/Orientation" value="6"/>
          <property name="Exif/ShutterSpeedValue" value="6.92367"/>
          <property name="Exif/Software" value="16.0.2"/>
          <property name="File/ImageHeight" value="3024"/>
          <property name="File/ImageWidth" value="4032"/>
          <property name="System/FileModifyDate" value="2022:11:09 13:00:00"/>
          <property name="System/FileSize" value="2139796"/>
        </meta>
      </photo>
    </camera>
    <camera camera_id="26">
      <photo path="../../../../../../../../../Desktop/untitled folder/IMG_5632.jpeg">
        <meta>
          <property name="Exif/ApertureValue" value="1.69599"/>
          <property name="Exif/DateTime" value="2022:11:09 11:44:30"/>
          <property name="Exif/DateTimeOriginal" value="2022:11:09 11:44:30"/>
          <property name="Exif/ExposureTime" value="0.00826446"/>
          <property name="Exif/FNumber" value="1.8"/>
          <property name="Exif/FocalLength" value="4.25"/>
          <property name="Exif/FocalLengthIn35mmFilm" value="26"/>
          <property name="Exif/ISOSpeedRatings" value="50"/>
          <property name="Exif/LensMake" value="Apple"/>
          <property name="Exif/LensModel" value="iPhone XR back camera 4.25mm f/1.8"/>
          <property name="Exif/Make" value="Apple"/>
          <property name="Exif/Model" value="iPhone XR"/>
          <property name="Exif/Orientation" value="6"/>
          <property name="Exif/ShutterSpeedValue" value="6.92367"/>
          <property name="Exif/Software" value="16.0.2"/>
          <property name="File/ImageHeight" value="3024"/>
          <property name="File/ImageWidth" value="4032"/>
          <property name="System/FileModifyDate" value="2022:11:09 13:00:01"/>
          <property name="System/FileSize" value="2454472"/>
        </meta>
      </photo>
    </camera>
  </cameras>
  <masks path="masks/masks.zip"/>
  <thumbnails path="thumbnails/thumbnails.zip"/>
  <point_cloud path="point_cloud.1/point_cloud.zip"/>
  <depth_maps id="0" path="depth_maps/depth_maps.zip"/>
  <dense_cloud id="0" path="dense_cloud/dense_cloud.zip"/>
  <model id="0" path="model/model.zip"/>
</frame>
