<?xml version="1.0" encoding="UTF-8"?>
<point_cloud version="1.7.0">
  <params>
    <dataType>uint8</dataType>
    <bands>
      <band label="Red"/>
      <band label="Green"/>
      <band label="Blue"/>
    </bands>
  </params>
  <tracks path="tracks.ply" count="10247"/>
  <points component_id="0" path="points0.ply" count="6161"/>
  <points component_id="1" path="points1.ply" count="782"/>
  <projections camera_id="0" path="p0.ply" count="934"/>
  <projections camera_id="1" path="p1.ply" count="1158"/>
  <projections camera_id="2" path="p2.ply" count="747"/>
  <projections camera_id="3" path="p3.ply" count="429"/>
  <projections camera_id="4" path="p4.ply" count="785"/>
  <projections camera_id="5" path="p5.ply" count="786"/>
  <projections camera_id="6" path="p6.ply" count="650"/>
  <projections camera_id="7" path="p7.ply" count="413"/>
  <projections camera_id="8" path="p8.ply" count="328"/>
  <projections camera_id="9" path="p9.ply" count="677"/>
  <projections camera_id="10" path="p10.ply" count="926"/>
  <projections camera_id="11" path="p11.ply" count="986"/>
  <projections camera_id="12" path="p12.ply" count="601"/>
  <projections camera_id="13" path="p13.ply" count="1065"/>
  <projections camera_id="14" path="p14.ply" count="1293"/>
  <projections camera_id="15" path="p15.ply" count="1436"/>
  <projections camera_id="16" path="p16.ply" count="1184"/>
  <projections camera_id="17" path="p17.ply" count="1268"/>
  <projections camera_id="18" path="p18.ply" count="738"/>
  <projections camera_id="19" path="p19.ply" count="400"/>
  <projections camera_id="20" path="p20.ply" count="631"/>
  <projections camera_id="21" path="p21.ply" count="563"/>
  <projections camera_id="22" path="p22.ply" count="560"/>
  <projections camera_id="23" path="p23.ply" count="741"/>
  <projections camera_id="24" path="p24.ply" count="886"/>
  <projections camera_id="25" path="p25.ply" count="605"/>
  <projections camera_id="26" path="p26.ply" count="903"/>
  <projections camera_id="27" path="p27.ply" count="846"/>
  <projections camera_id="28" path="p28.ply" count="1409"/>
  <projections camera_id="29" path="p29.ply" count="1717"/>
  <projections camera_id="30" path="p30.ply" count="1185"/>
  <projections camera_id="31" path="p31.ply" count="324"/>
  <meta>
    <property name="Info/LastSavedDateTime" value="2022:11:07 20:30:34"/>
    <property name="Info/LastSavedSoftwareVersion" value="1.8.4.14856"/>
    <property name="Info/OriginalDateTime" value="2022:11:07 20:20:43"/>
    <property name="Info/OriginalSoftwareVersion" value="1.8.4.14856"/>
    <property name="MatchPhotos/cameras" value=""/>
    <property name="MatchPhotos/descriptor_type" value="binary"/>
    <property name="MatchPhotos/descriptor_version" value="1.1.0"/>
    <property name="MatchPhotos/downscale" value="4"/>
    <property name="MatchPhotos/duration" value="18.29354"/>
    <property name="MatchPhotos/filter_stationary_points" value="true"/>
    <property name="MatchPhotos/generic_preselection" value="true"/>
    <property name="MatchPhotos/guided_matching" value="false"/>
    <property name="MatchPhotos/keep_keypoints" value="false"/>
    <property name="MatchPhotos/keypoint_limit" value="40000"/>
    <property name="MatchPhotos/keypoint_limit_per_mpx" value="1000"/>
    <property name="MatchPhotos/max_workgroup_size" value="100"/>
    <property name="MatchPhotos/ram_used" value="126652416"/>
    <property name="MatchPhotos/reference_preselection" value="false"/>
    <property name="MatchPhotos/reference_preselection_mode" value="1"/>
    <property name="MatchPhotos/reset_matches" value="false"/>
    <property name="MatchPhotos/subdivide_task" value="true"/>
    <property name="MatchPhotos/tiepoint_limit" value="4000"/>
    <property name="MatchPhotos/workitem_size_cameras" value="20"/>
    <property name="MatchPhotos/workitem_size_pairs" value="80"/>
  </meta>
</point_cloud>
