<?xml version="1.0" encoding="UTF-8"?>
<masks version="1.2.0">
  <mask camera_id="0" path="c0.png"/>
  <mask camera_id="1" path="c1.png"/>
  <mask camera_id="2" path="c2.png"/>
  <mask camera_id="3" path="c3.png"/>
  <mask camera_id="4" path="c4.png"/>
  <mask camera_id="5" path="c5.png"/>
  <mask camera_id="6" path="c6.png"/>
  <mask camera_id="7" path="c7.png"/>
  <mask camera_id="8" path="c8.png"/>
  <mask camera_id="9" path="c9.png"/>
  <mask camera_id="10" path="c10.png"/>
  <mask camera_id="11" path="c11.png"/>
  <mask camera_id="12" path="c12.png"/>
  <mask camera_id="13" path="c13.png"/>
  <mask camera_id="14" path="c14.png"/>
</masks>
