<?xml version="1.0" encoding="UTF-8"?>
<frame version="1.2.0">
  <cameras>
    <camera camera_id="0">
      <photo path="../../../../Downloads/bench/IMG_0958.JPG">
        <meta>
          <property name="Exif/ApertureValue" value="1.35614"/>
          <property name="Exif/DateTime" value="2022:11:07 14:13:50"/>
          <property name="Exif/DateTimeOriginal" value="2022:11:07 14:13:50"/>
          <property name="Exif/ExposureTime" value="0.000703235"/>
          <property name="Exif/FNumber" value="1.6"/>
          <property name="Exif/FocalLength" value="5.1"/>
          <property name="Exif/FocalLengthIn35mmFilm" value="26"/>
          <property name="Exif/GPSAltitude" value="180.885707793683"/>
          <property name="Exif/GPSDate" value="2022:11:07"/>
          <property name="Exif/GPSImgDirection" value="129.451629591309"/>
          <property name="Exif/GPSLatitude" value="41.7900055555556"/>
          <property name="Exif/GPSLongitude" value="-87.5982583333333"/>
          <property name="Exif/ISOSpeedRatings" value="50"/>
          <property name="Exif/LensMake" value="Apple"/>
          <property name="Exif/LensModel" value="iPhone 13 back dual wide camera 5.1mm f/1.6"/>
          <property name="Exif/Make" value="Apple"/>
          <property name="Exif/Model" value="iPhone 13"/>
          <property name="Exif/Orientation" value="6"/>
          <property name="Exif/ShutterSpeedValue" value="10.4742"/>
          <property name="Exif/Software" value="16.0"/>
          <property name="File/ImageHeight" value="3024"/>
          <property name="File/ImageWidth" value="4032"/>
          <property name="System/FileModifyDate" value="2022:11:07 14:13:50"/>
          <property name="System/FileSize" value="7141022"/>
        </meta>
      </photo>
    </camera>
    <camera camera_id="1">
      <photo path="../../../../Downloads/bench/IMG_0959.JPG">
        <meta>
          <property name="Exif/ApertureValue" value="1.35614"/>
          <property name="Exif/DateTime" value="2022:11:07 14:13:50"/>
          <property name="Exif/DateTimeOriginal" value="2022:11:07 14:13:50"/>
          <property name="Exif/ExposureTime" value="0.000712251"/>
          <property name="Exif/FNumber" value="1.6"/>
          <property name="Exif/FocalLength" value="5.1"/>
          <property name="Exif/FocalLengthIn35mmFilm" value="26"/>
          <property name="Exif/GPSAltitude" value="180.8876"/>
          <property name="Exif/GPSDate" value="2022:11:07"/>
          <property name="Exif/GPSImgDirection" value="126.701637355973"/>
          <property name="Exif/GPSLatitude" value="41.7900055555556"/>
          <property name="Exif/GPSLongitude" value="-87.5982583333333"/>
          <property name="Exif/ISOSpeedRatings" value="50"/>
          <property name="Exif/LensMake" value="Apple"/>
          <property name="Exif/LensModel" value="iPhone 13 back dual wide camera 5.1mm f/1.6"/>
          <property name="Exif/Make" value="Apple"/>
          <property name="Exif/Model" value="iPhone 13"/>
          <property name="Exif/Orientation" value="6"/>
          <property name="Exif/ShutterSpeedValue" value="10.4558"/>
          <property name="Exif/Software" value="16.0"/>
          <property name="File/ImageHeight" value="3024"/>
          <property name="File/ImageWidth" value="4032"/>
          <property name="System/FileModifyDate" value="2022:11:07 14:13:51"/>
          <property name="System/FileSize" value="6857848"/>
        </meta>
      </photo>
    </camera>
    <camera camera_id="2">
      <photo path="../../../../Downloads/bench/IMG_0960.JPG">
        <meta>
          <property name="Exif/ApertureValue" value="1.35614"/>
          <property name="Exif/DateTime" value="2022:11:07 14:13:51"/>
          <property name="Exif/DateTimeOriginal" value="2022:11:07 14:13:51"/>
          <property name="Exif/ExposureTime" value="0.000719942"/>
          <property name="Exif/FNumber" value="1.6"/>
          <property name="Exif/FocalLength" value="5.1"/>
          <property name="Exif/FocalLengthIn35mmFilm" value="26"/>
          <property name="Exif/GPSAltitude" value="180.8876"/>
          <property name="Exif/GPSDate" value="2022:11:07"/>
          <property name="Exif/GPSImgDirection" value="125.964881980426"/>
          <property name="Exif/GPSLatitude" value="41.7900055555556"/>
          <property name="Exif/GPSLongitude" value="-87.5982583333333"/>
          <property name="Exif/ISOSpeedRatings" value="50"/>
          <property name="Exif/LensMake" value="Apple"/>
          <property name="Exif/LensModel" value="iPhone 13 back dual wide camera 5.1mm f/1.6"/>
          <property name="Exif/Make" value="Apple"/>
          <property name="Exif/Model" value="iPhone 13"/>
          <property name="Exif/Orientation" value="6"/>
          <property name="Exif/ShutterSpeedValue" value="10.4397"/>
          <property name="Exif/Software" value="16.0"/>
          <property name="File/ImageHeight" value="3024"/>
          <property name="File/ImageWidth" value="4032"/>
          <property name="System/FileModifyDate" value="2022:11:07 14:13:51"/>
          <property name="System/FileSize" value="7094259"/>
        </meta>
      </photo>
    </camera>
    <camera camera_id="3">
      <photo path="../../../../Downloads/bench/IMG_0961.JPG">
        <meta>
          <property name="Exif/ApertureValue" value="1.35614"/>
          <property name="Exif/DateTime" value="2022:11:07 14:13:52"/>
          <property name="Exif/DateTimeOriginal" value="2022:11:07 14:13:52"/>
          <property name="Exif/ExposureTime" value="0.000677048"/>
          <property name="Exif/FNumber" value="1.6"/>
          <property name="Exif/FocalLength" value="5.1"/>
          <property name="Exif/FocalLengthIn35mmFilm" value="26"/>
          <property name="Exif/GPSAltitude" value="180.88448707256"/>
          <property name="Exif/GPSDate" value="2022:11:07"/>
          <property name="Exif/GPSImgDirection" value="111.267112712301"/>
          <property name="Exif/GPSLatitude" value="41.7900055555556"/>
          <property name="Exif/GPSLongitude" value="-87.5982583333333"/>
          <property name="Exif/ISOSpeedRatings" value="50"/>
          <property name="Exif/LensMake" value="Apple"/>
          <property name="Exif/LensModel" value="iPhone 13 back dual wide camera 5.1mm f/1.6"/>
          <property name="Exif/Make" value="Apple"/>
          <property name="Exif/Model" value="iPhone 13"/>
          <property name="Exif/Orientation" value="6"/>
          <property name="Exif/ShutterSpeedValue" value="10.5286"/>
          <property name="Exif/Software" value="16.0"/>
          <property name="File/ImageHeight" value="3024"/>
          <property name="File/ImageWidth" value="4032"/>
          <property name="System/FileModifyDate" value="2022:11:07 14:13:52"/>
          <property name="System/FileSize" value="7129260"/>
        </meta>
      </photo>
    </camera>
    <camera camera_id="4">
      <photo path="../../../../Downloads/bench/IMG_0962.JPG">
        <meta>
          <property name="Exif/ApertureValue" value="1.35614"/>
          <property name="Exif/DateTime" value="2022:11:07 14:13:55"/>
          <property name="Exif/DateTimeOriginal" value="2022:11:07 14:13:55"/>
          <property name="Exif/ExposureTime" value="0.000641849"/>
          <property name="Exif/FNumber" value="1.6"/>
          <property name="Exif/FocalLength" value="5.1"/>
          <property name="Exif/FocalLengthIn35mmFilm" value="26"/>
          <property name="Exif/GPSAltitude" value="180.892421833598"/>
          <property name="Exif/GPSDate" value="2022:11:07"/>
          <property name="Exif/GPSImgDirection" value="75.371925360475"/>
          <property name="Exif/GPSLatitude" value="41.7899888888889"/>
          <property name="Exif/GPSLongitude" value="-87.5982527777778"/>
          <property name="Exif/ISOSpeedRatings" value="50"/>
          <property name="Exif/LensMake" value="Apple"/>
          <property name="Exif/LensModel" value="iPhone 13 back dual wide camera 5.1mm f/1.6"/>
          <property name="Exif/Make" value="Apple"/>
          <property name="Exif/Model" value="iPhone 13"/>
          <property name="Exif/Orientation" value="6"/>
          <property name="Exif/ShutterSpeedValue" value="10.6051"/>
          <property name="Exif/Software" value="16.0"/>
          <property name="File/ImageHeight" value="3024"/>
          <property name="File/ImageWidth" value="4032"/>
          <property name="System/FileModifyDate" value="2022:11:07 14:13:55"/>
          <property name="System/FileSize" value="6652750"/>
        </meta>
      </photo>
    </camera>
    <camera camera_id="5">
      <photo path="../../../../Downloads/bench/IMG_0963.JPG">
        <meta>
          <property name="Exif/ApertureValue" value="1.35614"/>
          <property name="Exif/DateTime" value="2022:11:07 14:13:56"/>
          <property name="Exif/DateTimeOriginal" value="2022:11:07 14:13:56"/>
          <property name="Exif/ExposureTime" value="0.000572082"/>
          <property name="Exif/FNumber" value="1.6"/>
          <property name="Exif/FocalLength" value="5.1"/>
          <property name="Exif/FocalLengthIn35mmFilm" value="26"/>
          <property name="Exif/GPSAltitude" value="180.892421833598"/>
          <property name="Exif/GPSDate" value="2022:11:07"/>
          <property name="Exif/GPSImgDirection" value="74.5325393449596"/>
          <property name="Exif/GPSLatitude" value="41.7899888888889"/>
          <property name="Exif/GPSLongitude" value="-87.5982527777778"/>
          <property name="Exif/ISOSpeedRatings" value="50"/>
          <property name="Exif/LensMake" value="Apple"/>
          <property name="Exif/LensModel" value="iPhone 13 back dual wide camera 5.1mm f/1.6"/>
          <property name="Exif/Make" value="Apple"/>
          <property name="Exif/Model" value="iPhone 13"/>
          <property name="Exif/Orientation" value="6"/>
          <property name="Exif/ShutterSpeedValue" value="10.7717"/>
          <property name="Exif/Software" value="16.0"/>
          <property name="File/ImageHeight" value="3024"/>
          <property name="File/ImageWidth" value="4032"/>
          <property name="System/FileModifyDate" value="2022:11:07 14:13:56"/>
          <property name="System/FileSize" value="6660796"/>
        </meta>
      </photo>
    </camera>
    <camera camera_id="6">
      <photo path="../../../../Downloads/bench/IMG_0964.JPG">
        <meta>
          <property name="Exif/ApertureValue" value="1.35614"/>
          <property name="Exif/DateTime" value="2022:11:07 14:13:56"/>
          <property name="Exif/DateTimeOriginal" value="2022:11:07 14:13:56"/>
          <property name="Exif/ExposureTime" value="0.000581058"/>
          <property name="Exif/FNumber" value="1.6"/>
          <property name="Exif/FocalLength" value="5.1"/>
          <property name="Exif/FocalLengthIn35mmFilm" value="26"/>
          <property name="Exif/GPSAltitude" value="180.988735279058"/>
          <property name="Exif/GPSDate" value="2022:11:07"/>
          <property name="Exif/GPSImgDirection" value="65.5970306135856"/>
          <property name="Exif/GPSLatitude" value="41.7899805555556"/>
          <property name="Exif/GPSLongitude" value="-87.5982583333333"/>
          <property name="Exif/ISOSpeedRatings" value="50"/>
          <property name="Exif/LensMake" value="Apple"/>
          <property name="Exif/LensModel" value="iPhone 13 back dual wide camera 5.1mm f/1.6"/>
          <property name="Exif/Make" value="Apple"/>
          <property name="Exif/Model" value="iPhone 13"/>
          <property name="Exif/Orientation" value="6"/>
          <property name="Exif/ShutterSpeedValue" value="10.7492"/>
          <property name="Exif/Software" value="16.0"/>
          <property name="File/ImageHeight" value="3024"/>
          <property name="File/ImageWidth" value="4032"/>
          <property name="System/FileModifyDate" value="2022:11:07 14:13:56"/>
          <property name="System/FileSize" value="6611491"/>
        </meta>
      </photo>
    </camera>
    <camera camera_id="7">
      <photo path="../../../../Downloads/bench/IMG_0965.JPG">
        <meta>
          <property name="Exif/ApertureValue" value="1.35614"/>
          <property name="Exif/DateTime" value="2022:11:07 14:13:57"/>
          <property name="Exif/DateTimeOriginal" value="2022:11:07 14:13:57"/>
          <property name="Exif/ExposureTime" value="0.000616143"/>
          <property name="Exif/FNumber" value="1.6"/>
          <property name="Exif/FocalLength" value="5.1"/>
          <property name="Exif/FocalLengthIn35mmFilm" value="26"/>
          <property name="Exif/GPSAltitude" value="180.994472361809"/>
          <property name="Exif/GPSDate" value="2022:11:07"/>
          <property name="Exif/GPSImgDirection" value="54.4083709687679"/>
          <property name="Exif/GPSLatitude" value="41.7899861111111"/>
          <property name="Exif/GPSLongitude" value="-87.5982583333333"/>
          <property name="Exif/ISOSpeedRatings" value="50"/>
          <property name="Exif/LensMake" value="Apple"/>
          <property name="Exif/LensModel" value="iPhone 13 back dual wide camera 5.1mm f/1.6"/>
          <property name="Exif/Make" value="Apple"/>
          <property name="Exif/Model" value="iPhone 13"/>
          <property name="Exif/Orientation" value="6"/>
          <property name="Exif/ShutterSpeedValue" value="10.6648"/>
          <property name="Exif/Software" value="16.0"/>
          <property name="File/ImageHeight" value="3024"/>
          <property name="File/ImageWidth" value="4032"/>
          <property name="System/FileModifyDate" value="2022:11:07 14:13:57"/>
          <property name="System/FileSize" value="6283474"/>
        </meta>
      </photo>
    </camera>
    <camera camera_id="8">
      <photo path="../../../../Downloads/bench/IMG_0966.JPG">
        <meta>
          <property name="Exif/ApertureValue" value="1.35614"/>
          <property name="Exif/DateTime" value="2022:11:07 14:13:58"/>
          <property name="Exif/DateTimeOriginal" value="2022:11:07 14:13:58"/>
          <property name="Exif/ExposureTime" value="0.00118343"/>
          <property name="Exif/FNumber" value="1.6"/>
          <property name="Exif/FocalLength" value="5.1"/>
          <property name="Exif/FocalLengthIn35mmFilm" value="26"/>
          <property name="Exif/GPSAltitude" value="180.994472361809"/>
          <property name="Exif/GPSDate" value="2022:11:07"/>
          <property name="Exif/GPSImgDirection" value="39.6449432125473"/>
          <property name="Exif/GPSLatitude" value="41.7899861111111"/>
          <property name="Exif/GPSLongitude" value="-87.5982583333333"/>
          <property name="Exif/ISOSpeedRatings" value="50"/>
          <property name="Exif/LensMake" value="Apple"/>
          <property name="Exif/LensModel" value="iPhone 13 back dual wide camera 5.1mm f/1.6"/>
          <property name="Exif/Make" value="Apple"/>
          <property name="Exif/Model" value="iPhone 13"/>
          <property name="Exif/Orientation" value="6"/>
          <property name="Exif/ShutterSpeedValue" value="9.72333"/>
          <property name="Exif/Software" value="16.0"/>
          <property name="File/ImageHeight" value="3024"/>
          <property name="File/ImageWidth" value="4032"/>
          <property name="System/FileModifyDate" value="2022:11:07 14:13:58"/>
          <property name="System/FileSize" value="6420140"/>
        </meta>
      </photo>
    </camera>
    <camera camera_id="9">
      <photo path="../../../../Downloads/bench/IMG_0967.JPG">
        <meta>
          <property name="Exif/ApertureValue" value="1.35614"/>
          <property name="Exif/DateTime" value="2022:11:07 14:13:58"/>
          <property name="Exif/DateTimeOriginal" value="2022:11:07 14:13:58"/>
          <property name="Exif/ExposureTime" value="0.000659196"/>
          <property name="Exif/FNumber" value="1.6"/>
          <property name="Exif/FocalLength" value="5.1"/>
          <property name="Exif/FocalLengthIn35mmFilm" value="26"/>
          <property name="Exif/GPSAltitude" value="180.946071594607"/>
          <property name="Exif/GPSDate" value="2022:11:07"/>
          <property name="Exif/GPSImgDirection" value="22.7499503869815"/>
          <property name="Exif/GPSLatitude" value="41.7899777777778"/>
          <property name="Exif/GPSLongitude" value="-87.5982583333333"/>
          <property name="Exif/ISOSpeedRatings" value="50"/>
          <property name="Exif/LensMake" value="Apple"/>
          <property name="Exif/LensModel" value="iPhone 13 back dual wide camera 5.1mm f/1.6"/>
          <property name="Exif/Make" value="Apple"/>
          <property name="Exif/Model" value="iPhone 13"/>
          <property name="Exif/Orientation" value="6"/>
          <property name="Exif/ShutterSpeedValue" value="10.5674"/>
          <property name="Exif/Software" value="16.0"/>
          <property name="File/ImageHeight" value="3024"/>
          <property name="File/ImageWidth" value="4032"/>
          <property name="System/FileModifyDate" value="2022:11:07 14:13:58"/>
          <property name="System/FileSize" value="6558533"/>
        </meta>
      </photo>
    </camera>
    <camera camera_id="10">
      <photo path="../../../../Downloads/bench/IMG_0968.JPG">
        <meta>
          <property name="Exif/ApertureValue" value="1.35614"/>
          <property name="Exif/DateTime" value="2022:11:07 14:13:59"/>
          <property name="Exif/DateTimeOriginal" value="2022:11:07 14:13:59"/>
          <property name="Exif/ExposureTime" value="0.000763942"/>
          <property name="Exif/FNumber" value="1.6"/>
          <property name="Exif/FocalLength" value="5.1"/>
          <property name="Exif/FocalLengthIn35mmFilm" value="26"/>
          <property name="Exif/GPSAltitude" value="180.978847556528"/>
          <property name="Exif/GPSDate" value="2022:11:07"/>
          <property name="Exif/GPSImgDirection" value="17.3525276196853"/>
          <property name="Exif/GPSLatitude" value="41.789975"/>
          <property name="Exif/GPSLongitude" value="-87.5982527777778"/>
          <property name="Exif/ISOSpeedRatings" value="50"/>
          <property name="Exif/LensMake" value="Apple"/>
          <property name="Exif/LensModel" value="iPhone 13 back dual wide camera 5.1mm f/1.6"/>
          <property name="Exif/Make" value="Apple"/>
          <property name="Exif/Model" value="iPhone 13"/>
          <property name="Exif/Orientation" value="6"/>
          <property name="Exif/ShutterSpeedValue" value="10.3541"/>
          <property name="Exif/Software" value="16.0"/>
          <property name="File/ImageHeight" value="3024"/>
          <property name="File/ImageWidth" value="4032"/>
          <property name="System/FileModifyDate" value="2022:11:07 14:13:59"/>
          <property name="System/FileSize" value="6213623"/>
        </meta>
      </photo>
    </camera>
    <camera camera_id="11">
      <photo path="../../../../Downloads/bench/IMG_0969.JPG">
        <meta>
          <property name="Exif/ApertureValue" value="1.35614"/>
          <property name="Exif/DateTime" value="2022:11:07 14:14:00"/>
          <property name="Exif/DateTimeOriginal" value="2022:11:07 14:14:00"/>
          <property name="Exif/ExposureTime" value="0.000816327"/>
          <property name="Exif/FNumber" value="1.6"/>
          <property name="Exif/FocalLength" value="5.1"/>
          <property name="Exif/FocalLengthIn35mmFilm" value="26"/>
          <property name="Exif/GPSAltitude" value="180.978847556528"/>
          <property name="Exif/GPSDate" value="2022:11:07"/>
          <property name="Exif/GPSImgDirection" value="3.09313440547697"/>
          <property name="Exif/GPSLatitude" value="41.789975"/>
          <property name="Exif/GPSLongitude" value="-87.5982527777778"/>
          <property name="Exif/ISOSpeedRatings" value="50"/>
          <property name="Exif/LensMake" value="Apple"/>
          <property name="Exif/LensModel" value="iPhone 13 back dual wide camera 5.1mm f/1.6"/>
          <property name="Exif/Make" value="Apple"/>
          <property name="Exif/Model" value="iPhone 13"/>
          <property name="Exif/Orientation" value="6"/>
          <property name="Exif/ShutterSpeedValue" value="10.2591"/>
          <property name="Exif/Software" value="16.0"/>
          <property name="File/ImageHeight" value="3024"/>
          <property name="File/ImageWidth" value="4032"/>
          <property name="System/FileModifyDate" value="2022:11:07 14:14:00"/>
          <property name="System/FileSize" value="5968802"/>
        </meta>
      </photo>
    </camera>
    <camera camera_id="12">
      <photo path="../../../../Downloads/bench/IMG_0970.JPG">
        <meta>
          <property name="Exif/ApertureValue" value="1.35614"/>
          <property name="Exif/DateTime" value="2022:11:07 14:14:00"/>
          <property name="Exif/DateTimeOriginal" value="2022:11:07 14:14:00"/>
          <property name="Exif/ExposureTime" value="0.00100806"/>
          <property name="Exif/FNumber" value="1.6"/>
          <property name="Exif/FocalLength" value="5.1"/>
          <property name="Exif/FocalLengthIn35mmFilm" value="26"/>
          <property name="Exif/GPSAltitude" value="180.865993575034"/>
          <property name="Exif/GPSDate" value="2022:11:07"/>
          <property name="Exif/GPSImgDirection" value="349.504150525733"/>
          <property name="Exif/GPSLatitude" value="41.7899694444444"/>
          <property name="Exif/GPSLongitude" value="-87.5982444444444"/>
          <property name="Exif/ISOSpeedRatings" value="50"/>
          <property name="Exif/LensMake" value="Apple"/>
          <property name="Exif/LensModel" value="iPhone 13 back dual wide camera 5.1mm f/1.6"/>
          <property name="Exif/Make" value="Apple"/>
          <property name="Exif/Model" value="iPhone 13"/>
          <property name="Exif/Orientation" value="6"/>
          <property name="Exif/ShutterSpeedValue" value="9.95429"/>
          <property name="Exif/Software" value="16.0"/>
          <property name="File/ImageHeight" value="3024"/>
          <property name="File/ImageWidth" value="4032"/>
          <property name="System/FileModifyDate" value="2022:11:07 14:14:00"/>
          <property name="System/FileSize" value="6014758"/>
        </meta>
      </photo>
    </camera>
    <camera camera_id="13">
      <photo path="../../../../Downloads/bench/IMG_0971.JPG">
        <meta>
          <property name="Exif/ApertureValue" value="1.35614"/>
          <property name="Exif/DateTime" value="2022:11:07 14:14:01"/>
          <property name="Exif/DateTimeOriginal" value="2022:11:07 14:14:01"/>
          <property name="Exif/ExposureTime" value="0.00103413"/>
          <property name="Exif/FNumber" value="1.6"/>
          <property name="Exif/FocalLength" value="5.1"/>
          <property name="Exif/FocalLengthIn35mmFilm" value="26"/>
          <property name="Exif/GPSAltitude" value="180.962001853568"/>
          <property name="Exif/GPSDate" value="2022:11:07"/>
          <property name="Exif/GPSImgDirection" value="322.617431803061"/>
          <property name="Exif/GPSLatitude" value="41.7899694444444"/>
          <property name="Exif/GPSLongitude" value="-87.5982277777778"/>
          <property name="Exif/ISOSpeedRatings" value="50"/>
          <property name="Exif/LensMake" value="Apple"/>
          <property name="Exif/LensModel" value="iPhone 13 back dual wide camera 5.1mm f/1.6"/>
          <property name="Exif/Make" value="Apple"/>
          <property name="Exif/Model" value="iPhone 13"/>
          <property name="Exif/Orientation" value="6"/>
          <property name="Exif/ShutterSpeedValue" value="9.91755"/>
          <property name="Exif/Software" value="16.0"/>
          <property name="File/ImageHeight" value="3024"/>
          <property name="File/ImageWidth" value="4032"/>
          <property name="System/FileModifyDate" value="2022:11:07 14:14:01"/>
          <property name="System/FileSize" value="5625229"/>
        </meta>
      </photo>
    </camera>
    <camera camera_id="14">
      <photo path="../../../../Downloads/bench/IMG_0972.JPG">
        <meta>
          <property name="Exif/ApertureValue" value="1.35614"/>
          <property name="Exif/DateTime" value="2022:11:07 14:14:02"/>
          <property name="Exif/DateTimeOriginal" value="2022:11:07 14:14:02"/>
          <property name="Exif/ExposureTime" value="0.00109529"/>
          <property name="Exif/FNumber" value="1.6"/>
          <property name="Exif/FocalLength" value="5.1"/>
          <property name="Exif/FocalLengthIn35mmFilm" value="26"/>
          <property name="Exif/GPSAltitude" value="180.962001853568"/>
          <property name="Exif/GPSDate" value="2022:11:07"/>
          <property name="Exif/GPSImgDirection" value="312.284271284271"/>
          <property name="Exif/GPSLatitude" value="41.7899694444444"/>
          <property name="Exif/GPSLongitude" value="-87.5982277777778"/>
          <property name="Exif/ISOSpeedRatings" value="50"/>
          <property name="Exif/LensMake" value="Apple"/>
          <property name="Exif/LensModel" value="iPhone 13 back dual wide camera 5.1mm f/1.6"/>
          <property name="Exif/Make" value="Apple"/>
          <property name="Exif/Model" value="iPhone 13"/>
          <property name="Exif/Orientation" value="6"/>
          <property name="Exif/ShutterSpeedValue" value="9.83485"/>
          <property name="Exif/Software" value="16.0"/>
          <property name="File/ImageHeight" value="3024"/>
          <property name="File/ImageWidth" value="4032"/>
          <property name="System/FileModifyDate" value="2022:11:07 14:14:02"/>
          <property name="System/FileSize" value="5583925"/>
        </meta>
      </photo>
    </camera>
    <camera camera_id="15">
      <photo path="../../../../Downloads/bench/IMG_0973.JPG">
        <meta>
          <property name="Exif/ApertureValue" value="1.35614"/>
          <property name="Exif/DateTime" value="2022:11:07 14:14:03"/>
          <property name="Exif/DateTimeOriginal" value="2022:11:07 14:14:03"/>
          <property name="Exif/ExposureTime" value="0.00119048"/>
          <property name="Exif/FNumber" value="1.6"/>
          <property name="Exif/FocalLength" value="5.1"/>
          <property name="Exif/FocalLengthIn35mmFilm" value="26"/>
          <property name="Exif/GPSAltitude" value="180.987087283426"/>
          <property name="Exif/GPSDate" value="2022:11:07"/>
          <property name="Exif/GPSImgDirection" value="301.104949874687"/>
          <property name="Exif/GPSLatitude" value="41.789975"/>
          <property name="Exif/GPSLongitude" value="-87.5982194444444"/>
          <property name="Exif/ISOSpeedRatings" value="50"/>
          <property name="Exif/LensMake" value="Apple"/>
          <property name="Exif/LensModel" value="iPhone 13 back dual wide camera 5.1mm f/1.6"/>
          <property name="Exif/Make" value="Apple"/>
          <property name="Exif/Model" value="iPhone 13"/>
          <property name="Exif/Orientation" value="6"/>
          <property name="Exif/ShutterSpeedValue" value="9.71361"/>
          <property name="Exif/Software" value="16.0"/>
          <property name="File/ImageHeight" value="3024"/>
          <property name="File/ImageWidth" value="4032"/>
          <property name="System/FileModifyDate" value="2022:11:07 14:14:03"/>
          <property name="System/FileSize" value="5791981"/>
        </meta>
      </photo>
    </camera>
    <camera camera_id="16">
      <photo path="../../../../Downloads/bench/IMG_0974.JPG">
        <meta>
          <property name="Exif/ApertureValue" value="1.35614"/>
          <property name="Exif/DateTime" value="2022:11:07 14:14:03"/>
          <property name="Exif/DateTimeOriginal" value="2022:11:07 14:14:03"/>
          <property name="Exif/ExposureTime" value="0.00118343"/>
          <property name="Exif/FNumber" value="1.6"/>
          <property name="Exif/FocalLength" value="5.1"/>
          <property name="Exif/FocalLengthIn35mmFilm" value="26"/>
          <property name="Exif/GPSAltitude" value="180.801235261089"/>
          <property name="Exif/GPSDate" value="2022:11:07"/>
          <property name="Exif/GPSImgDirection" value="307.887725975262"/>
          <property name="Exif/GPSLatitude" value="41.7899777777778"/>
          <property name="Exif/GPSLongitude" value="-87.5982138888889"/>
          <property name="Exif/ISOSpeedRatings" value="50"/>
          <property name="Exif/LensMake" value="Apple"/>
          <property name="Exif/LensModel" value="iPhone 13 back dual wide camera 5.1mm f/1.6"/>
          <property name="Exif/Make" value="Apple"/>
          <property name="Exif/Model" value="iPhone 13"/>
          <property name="Exif/Orientation" value="6"/>
          <property name="Exif/ShutterSpeedValue" value="9.72333"/>
          <property name="Exif/Software" value="16.0"/>
          <property name="File/ImageHeight" value="3024"/>
          <property name="File/ImageWidth" value="4032"/>
          <property name="System/FileModifyDate" value="2022:11:07 14:14:03"/>
          <property name="System/FileSize" value="5802330"/>
        </meta>
      </photo>
    </camera>
    <camera camera_id="17">
      <photo path="../../../../Downloads/bench/IMG_0975.JPG">
        <meta>
          <property name="Exif/ApertureValue" value="1.35614"/>
          <property name="Exif/DateTime" value="2022:11:07 14:14:04"/>
          <property name="Exif/DateTimeOriginal" value="2022:11:07 14:14:04"/>
          <property name="Exif/ExposureTime" value="0.00103413"/>
          <property name="Exif/FNumber" value="1.6"/>
          <property name="Exif/FocalLength" value="5.1"/>
          <property name="Exif/FocalLengthIn35mmFilm" value="26"/>
          <property name="Exif/GPSAltitude" value="180.856411029079"/>
          <property name="Exif/GPSDate" value="2022:11:07"/>
          <property name="Exif/GPSImgDirection" value="304.660827621224"/>
          <property name="Exif/GPSLatitude" value="41.7899777777778"/>
          <property name="Exif/GPSLongitude" value="-87.5982194444444"/>
          <property name="Exif/ISOSpeedRatings" value="50"/>
          <property name="Exif/LensMake" value="Apple"/>
          <property name="Exif/LensModel" value="iPhone 13 back dual wide camera 5.1mm f/1.6"/>
          <property name="Exif/Make" value="Apple"/>
          <property name="Exif/Model" value="iPhone 13"/>
          <property name="Exif/Orientation" value="6"/>
          <property name="Exif/ShutterSpeedValue" value="9.91755"/>
          <property name="Exif/Software" value="16.0"/>
          <property name="File/ImageHeight" value="3024"/>
          <property name="File/ImageWidth" value="4032"/>
          <property name="System/FileModifyDate" value="2022:11:07 14:14:04"/>
          <property name="System/FileSize" value="5915053"/>
        </meta>
      </photo>
    </camera>
    <camera camera_id="18">
      <photo path="../../../../Downloads/bench/IMG_0976.JPG">
        <meta>
          <property name="Exif/ApertureValue" value="1.35614"/>
          <property name="Exif/DateTime" value="2022:11:07 14:14:06"/>
          <property name="Exif/DateTimeOriginal" value="2022:11:07 14:14:06"/>
          <property name="Exif/ExposureTime" value="0.000982318"/>
          <property name="Exif/FNumber" value="1.6"/>
          <property name="Exif/FocalLength" value="5.1"/>
          <property name="Exif/FocalLengthIn35mmFilm" value="26"/>
          <property name="Exif/GPSAltitude" value="180.828395751817"/>
          <property name="Exif/GPSDate" value="2022:11:07"/>
          <property name="Exif/GPSImgDirection" value="330.391998201843"/>
          <property name="Exif/GPSLatitude" value="41.7899777777778"/>
          <property name="Exif/GPSLongitude" value="-87.5982194444444"/>
          <property name="Exif/ISOSpeedRatings" value="50"/>
          <property name="Exif/LensMake" value="Apple"/>
          <property name="Exif/LensModel" value="iPhone 13 back dual wide camera 5.1mm f/1.6"/>
          <property name="Exif/Make" value="Apple"/>
          <property name="Exif/Model" value="iPhone 13"/>
          <property name="Exif/Orientation" value="6"/>
          <property name="Exif/ShutterSpeedValue" value="9.99199"/>
          <property name="Exif/Software" value="16.0"/>
          <property name="File/ImageHeight" value="3024"/>
          <property name="File/ImageWidth" value="4032"/>
          <property name="System/FileModifyDate" value="2022:11:07 14:14:06"/>
          <property name="System/FileSize" value="5465577"/>
        </meta>
      </photo>
    </camera>
    <camera camera_id="19">
      <photo path="../../../../Downloads/bench/IMG_0977.JPG">
        <meta>
          <property name="Exif/ApertureValue" value="1.35614"/>
          <property name="Exif/DateTime" value="2022:11:07 14:14:14"/>
          <property name="Exif/DateTimeOriginal" value="2022:11:07 14:14:14"/>
          <property name="Exif/ExposureTime" value="0.000450045"/>
          <property name="Exif/FNumber" value="1.6"/>
          <property name="Exif/FocalLength" value="5.1"/>
          <property name="Exif/FocalLengthIn35mmFilm" value="26"/>
          <property name="Exif/GPSAltitude" value="180.545066211021"/>
          <property name="Exif/GPSDate" value="2022:11:07"/>
          <property name="Exif/GPSImgDirection" value="206.074646074646"/>
          <property name="Exif/GPSLatitude" value="41.7900083333333"/>
          <property name="Exif/GPSLongitude" value="-87.5982138888889"/>
          <property name="Exif/ISOSpeedRatings" value="50"/>
          <property name="Exif/LensMake" value="Apple"/>
          <property name="Exif/LensModel" value="iPhone 13 back dual wide camera 5.1mm f/1.6"/>
          <property name="Exif/Make" value="Apple"/>
          <property name="Exif/Model" value="iPhone 13"/>
          <property name="Exif/Orientation" value="6"/>
          <property name="Exif/ShutterSpeedValue" value="11.1178"/>
          <property name="Exif/Software" value="16.0"/>
          <property name="File/ImageHeight" value="3024"/>
          <property name="File/ImageWidth" value="4032"/>
          <property name="System/FileModifyDate" value="2022:11:07 14:14:14"/>
          <property name="System/FileSize" value="5875198"/>
        </meta>
      </photo>
    </camera>
    <camera camera_id="20">
      <photo path="../../../../Downloads/bench/IMG_0978.JPG">
        <meta>
          <property name="Exif/ApertureValue" value="1.35614"/>
          <property name="Exif/DateTime" value="2022:11:07 14:14:15"/>
          <property name="Exif/DateTimeOriginal" value="2022:11:07 14:14:15"/>
          <property name="Exif/ExposureTime" value="0.000589971"/>
          <property name="Exif/FNumber" value="1.6"/>
          <property name="Exif/FocalLength" value="5.1"/>
          <property name="Exif/FocalLengthIn35mmFilm" value="26"/>
          <property name="Exif/GPSAltitude" value="181.030682276948"/>
          <property name="Exif/GPSDate" value="2022:11:07"/>
          <property name="Exif/GPSImgDirection" value="182.514617691154"/>
          <property name="Exif/GPSLatitude" value="41.7899944444444"/>
          <property name="Exif/GPSLongitude" value="-87.5982138888889"/>
          <property name="Exif/ISOSpeedRatings" value="50"/>
          <property name="Exif/LensMake" value="Apple"/>
          <property name="Exif/LensModel" value="iPhone 13 back dual wide camera 5.1mm f/1.6"/>
          <property name="Exif/Make" value="Apple"/>
          <property name="Exif/Model" value="iPhone 13"/>
          <property name="Exif/Orientation" value="6"/>
          <property name="Exif/ShutterSpeedValue" value="10.727"/>
          <property name="Exif/Software" value="16.0"/>
          <property name="File/ImageHeight" value="3024"/>
          <property name="File/ImageWidth" value="4032"/>
          <property name="System/FileModifyDate" value="2022:11:07 14:14:15"/>
          <property name="System/FileSize" value="5868020"/>
        </meta>
      </photo>
    </camera>
    <camera camera_id="21">
      <photo path="../../../../Downloads/bench/IMG_0979.JPG">
        <meta>
          <property name="Exif/ApertureValue" value="1.35614"/>
          <property name="Exif/DateTime" value="2022:11:07 14:14:16"/>
          <property name="Exif/DateTimeOriginal" value="2022:11:07 14:14:16"/>
          <property name="Exif/ExposureTime" value="0.000563063"/>
          <property name="Exif/FNumber" value="1.6"/>
          <property name="Exif/FocalLength" value="5.1"/>
          <property name="Exif/FocalLengthIn35mmFilm" value="26"/>
          <property name="Exif/GPSAltitude" value="181.337104072398"/>
          <property name="Exif/GPSDate" value="2022:11:07"/>
          <property name="Exif/GPSImgDirection" value="183.93127446716"/>
          <property name="Exif/GPSLatitude" value="41.7899861111111"/>
          <property name="Exif/GPSLongitude" value="-87.5982055555556"/>
          <property name="Exif/ISOSpeedRatings" value="50"/>
          <property name="Exif/LensMake" value="Apple"/>
          <property name="Exif/LensModel" value="iPhone 13 back dual wide camera 5.1mm f/1.6"/>
          <property name="Exif/Make" value="Apple"/>
          <property name="Exif/Model" value="iPhone 13"/>
          <property name="Exif/Orientation" value="6"/>
          <property name="Exif/ShutterSpeedValue" value="10.7946"/>
          <property name="Exif/Software" value="16.0"/>
          <property name="File/ImageHeight" value="3024"/>
          <property name="File/ImageWidth" value="4032"/>
          <property name="System/FileModifyDate" value="2022:11:07 14:14:16"/>
          <property name="System/FileSize" value="6063327"/>
        </meta>
      </photo>
    </camera>
    <camera camera_id="22">
      <photo path="../../../../Downloads/bench/IMG_0980.JPG">
        <meta>
          <property name="Exif/ApertureValue" value="1.35614"/>
          <property name="Exif/DateTime" value="2022:11:07 14:14:17"/>
          <property name="Exif/DateTimeOriginal" value="2022:11:07 14:14:17"/>
          <property name="Exif/ExposureTime" value="0.000616143"/>
          <property name="Exif/FNumber" value="1.6"/>
          <property name="Exif/FocalLength" value="5.1"/>
          <property name="Exif/FocalLengthIn35mmFilm" value="26"/>
          <property name="Exif/GPSAltitude" value="182.227250368913"/>
          <property name="Exif/GPSDate" value="2022:11:07"/>
          <property name="Exif/GPSImgDirection" value="178.291442744936"/>
          <property name="Exif/GPSLatitude" value="41.7899805555556"/>
          <property name="Exif/GPSLongitude" value="-87.5981972222222"/>
          <property name="Exif/ISOSpeedRatings" value="50"/>
          <property name="Exif/LensMake" value="Apple"/>
          <property name="Exif/LensModel" value="iPhone 13 back dual wide camera 5.1mm f/1.6"/>
          <property name="Exif/Make" value="Apple"/>
          <property name="Exif/Model" value="iPhone 13"/>
          <property name="Exif/Orientation" value="6"/>
          <property name="Exif/ShutterSpeedValue" value="10.6648"/>
          <property name="Exif/Software" value="16.0"/>
          <property name="File/ImageHeight" value="3024"/>
          <property name="File/ImageWidth" value="4032"/>
          <property name="System/FileModifyDate" value="2022:11:07 14:14:17"/>
          <property name="System/FileSize" value="6118296"/>
        </meta>
      </photo>
    </camera>
    <camera camera_id="23">
      <photo path="../../../../Downloads/bench/IMG_0981.JPG">
        <meta>
          <property name="Exif/ApertureValue" value="1.35614"/>
          <property name="Exif/DateTime" value="2022:11:07 14:14:38"/>
          <property name="Exif/DateTimeOriginal" value="2022:11:07 14:14:38"/>
          <property name="Exif/ExposureTime" value="0.000651042"/>
          <property name="Exif/FNumber" value="1.6"/>
          <property name="Exif/FocalLength" value="5.1"/>
          <property name="Exif/FocalLengthIn35mmFilm" value="26"/>
          <property name="Exif/GPSAltitude" value="181.92550274223"/>
          <property name="Exif/GPSDate" value="2022:11:07"/>
          <property name="Exif/GPSImgDirection" value="30.4399032648126"/>
          <property name="Exif/GPSLatitude" value="41.7899277777778"/>
          <property name="Exif/GPSLongitude" value="-87.5982138888889"/>
          <property name="Exif/ISOSpeedRatings" value="50"/>
          <property name="Exif/LensMake" value="Apple"/>
          <property name="Exif/LensModel" value="iPhone 13 back dual wide camera 5.1mm f/1.6"/>
          <property name="Exif/Make" value="Apple"/>
          <property name="Exif/Model" value="iPhone 13"/>
          <property name="Exif/Orientation" value="6"/>
          <property name="Exif/ShutterSpeedValue" value="10.5851"/>
          <property name="Exif/Software" value="16.0"/>
          <property name="File/ImageHeight" value="3024"/>
          <property name="File/ImageWidth" value="4032"/>
          <property name="System/FileModifyDate" value="2022:11:07 14:14:38"/>
          <property name="System/FileSize" value="6620971"/>
        </meta>
      </photo>
    </camera>
    <camera camera_id="24">
      <photo path="../../../../Downloads/bench/IMG_0982.JPG">
        <meta>
          <property name="Exif/ApertureValue" value="1.35614"/>
          <property name="Exif/DateTime" value="2022:11:07 14:14:39"/>
          <property name="Exif/DateTimeOriginal" value="2022:11:07 14:14:39"/>
          <property name="Exif/ExposureTime" value="0.000659196"/>
          <property name="Exif/FNumber" value="1.6"/>
          <property name="Exif/FocalLength" value="5.1"/>
          <property name="Exif/FocalLengthIn35mmFilm" value="26"/>
          <property name="Exif/GPSAltitude" value="181.92550274223"/>
          <property name="Exif/GPSDate" value="2022:11:07"/>
          <property name="Exif/GPSImgDirection" value="33.9196167154645"/>
          <property name="Exif/GPSLatitude" value="41.7899277777778"/>
          <property name="Exif/GPSLongitude" value="-87.5982138888889"/>
          <property name="Exif/ISOSpeedRatings" value="50"/>
          <property name="Exif/LensMake" value="Apple"/>
          <property name="Exif/LensModel" value="iPhone 13 back dual wide camera 5.1mm f/1.6"/>
          <property name="Exif/Make" value="Apple"/>
          <property name="Exif/Model" value="iPhone 13"/>
          <property name="Exif/Orientation" value="6"/>
          <property name="Exif/ShutterSpeedValue" value="10.5674"/>
          <property name="Exif/Software" value="16.0"/>
          <property name="File/ImageHeight" value="3024"/>
          <property name="File/ImageWidth" value="4032"/>
          <property name="System/FileModifyDate" value="2022:11:07 14:14:39"/>
          <property name="System/FileSize" value="6618459"/>
        </meta>
      </photo>
    </camera>
    <camera camera_id="25">
      <photo path="../../../../Downloads/bench/IMG_0983.JPG">
        <meta>
          <property name="Exif/ApertureValue" value="1.35614"/>
          <property name="Exif/DateTime" value="2022:11:07 14:14:40"/>
          <property name="Exif/DateTimeOriginal" value="2022:11:07 14:14:40"/>
          <property name="Exif/ExposureTime" value="0.000677048"/>
          <property name="Exif/FNumber" value="1.6"/>
          <property name="Exif/FocalLength" value="5.1"/>
          <property name="Exif/FocalLengthIn35mmFilm" value="26"/>
          <property name="Exif/GPSAltitude" value="181.947414548642"/>
          <property name="Exif/GPSDate" value="2022:11:07"/>
          <property name="Exif/GPSImgDirection" value="18.7768020490304"/>
          <property name="Exif/GPSLatitude" value="41.7899277777778"/>
          <property name="Exif/GPSLongitude" value="-87.5982138888889"/>
          <property name="Exif/ISOSpeedRatings" value="50"/>
          <property name="Exif/LensMake" value="Apple"/>
          <property name="Exif/LensModel" value="iPhone 13 back dual wide camera 5.1mm f/1.6"/>
          <property name="Exif/Make" value="Apple"/>
          <property name="Exif/Model" value="iPhone 13"/>
          <property name="Exif/Orientation" value="6"/>
          <property name="Exif/ShutterSpeedValue" value="10.5286"/>
          <property name="Exif/Software" value="16.0"/>
          <property name="File/ImageHeight" value="3024"/>
          <property name="File/ImageWidth" value="4032"/>
          <property name="System/FileModifyDate" value="2022:11:07 14:14:40"/>
          <property name="System/FileSize" value="6305998"/>
        </meta>
      </photo>
    </camera>
    <camera camera_id="26">
      <photo path="../../../../Downloads/bench/IMG_0984.JPG">
        <meta>
          <property name="Exif/ApertureValue" value="1.35614"/>
          <property name="Exif/DateTime" value="2022:11:07 14:14:40"/>
          <property name="Exif/DateTimeOriginal" value="2022:11:07 14:14:40"/>
          <property name="Exif/ExposureTime" value="0.000781861"/>
          <property name="Exif/FNumber" value="1.6"/>
          <property name="Exif/FocalLength" value="5.1"/>
          <property name="Exif/FocalLengthIn35mmFilm" value="26"/>
          <property name="Exif/GPSAltitude" value="182.547145877378"/>
          <property name="Exif/GPSDate" value="2022:11:07"/>
          <property name="Exif/GPSImgDirection" value="17.0721931493815"/>
          <property name="Exif/GPSLatitude" value="41.7899305555556"/>
          <property name="Exif/GPSLongitude" value="-87.5982138888889"/>
          <property name="Exif/ISOSpeedRatings" value="50"/>
          <property name="Exif/LensMake" value="Apple"/>
          <property name="Exif/LensModel" value="iPhone 13 back dual wide camera 5.1mm f/1.6"/>
          <property name="Exif/Make" value="Apple"/>
          <property name="Exif/Model" value="iPhone 13"/>
          <property name="Exif/Orientation" value="6"/>
          <property name="Exif/ShutterSpeedValue" value="10.3205"/>
          <property name="Exif/Software" value="16.0"/>
          <property name="File/ImageHeight" value="3024"/>
          <property name="File/ImageWidth" value="4032"/>
          <property name="System/FileModifyDate" value="2022:11:07 14:14:40"/>
          <property name="System/FileSize" value="6072623"/>
        </meta>
      </photo>
    </camera>
    <camera camera_id="27">
      <photo path="../../../../Downloads/bench/IMG_0985.JPG">
        <meta>
          <property name="Exif/ApertureValue" value="1.35614"/>
          <property name="Exif/DateTime" value="2022:11:07 14:14:41"/>
          <property name="Exif/DateTimeOriginal" value="2022:11:07 14:14:41"/>
          <property name="Exif/ExposureTime" value="0.000789889"/>
          <property name="Exif/FNumber" value="1.6"/>
          <property name="Exif/FocalLength" value="5.1"/>
          <property name="Exif/FocalLengthIn35mmFilm" value="26"/>
          <property name="Exif/GPSAltitude" value="183.185024416712"/>
          <property name="Exif/GPSDate" value="2022:11:07"/>
          <property name="Exif/GPSImgDirection" value="3.48389291754962"/>
          <property name="Exif/GPSLatitude" value="41.7899361111111"/>
          <property name="Exif/GPSLongitude" value="-87.5982138888889"/>
          <property name="Exif/ISOSpeedRatings" value="50"/>
          <property name="Exif/LensMake" value="Apple"/>
          <property name="Exif/LensModel" value="iPhone 13 back dual wide camera 5.1mm f/1.6"/>
          <property name="Exif/Make" value="Apple"/>
          <property name="Exif/Model" value="iPhone 13"/>
          <property name="Exif/Orientation" value="6"/>
          <property name="Exif/ShutterSpeedValue" value="10.3059"/>
          <property name="Exif/Software" value="16.0"/>
          <property name="File/ImageHeight" value="3024"/>
          <property name="File/ImageWidth" value="4032"/>
          <property name="System/FileModifyDate" value="2022:11:07 14:14:41"/>
          <property name="System/FileSize" value="5830218"/>
        </meta>
      </photo>
    </camera>
    <camera camera_id="28">
      <photo path="../../../../Downloads/bench/IMG_0986.JPG">
        <meta>
          <property name="Exif/ApertureValue" value="1.35614"/>
          <property name="Exif/DateTime" value="2022:11:07 14:14:44"/>
          <property name="Exif/DateTimeOriginal" value="2022:11:07 14:14:44"/>
          <property name="Exif/ExposureTime" value="0.001443"/>
          <property name="Exif/FNumber" value="1.6"/>
          <property name="Exif/FocalLength" value="5.1"/>
          <property name="Exif/FocalLengthIn35mmFilm" value="26"/>
          <property name="Exif/GPSAltitude" value="182.936061863448"/>
          <property name="Exif/GPSDate" value="2022:11:07"/>
          <property name="Exif/GPSImgDirection" value="302.39892578125"/>
          <property name="Exif/GPSLatitude" value="41.7899555555556"/>
          <property name="Exif/GPSLongitude" value="-87.5982055555556"/>
          <property name="Exif/ISOSpeedRatings" value="50"/>
          <property name="Exif/LensMake" value="Apple"/>
          <property name="Exif/LensModel" value="iPhone 13 back dual wide camera 5.1mm f/1.6"/>
          <property name="Exif/Make" value="Apple"/>
          <property name="Exif/Model" value="iPhone 13"/>
          <property name="Exif/Orientation" value="6"/>
          <property name="Exif/ShutterSpeedValue" value="9.43571"/>
          <property name="Exif/Software" value="16.0"/>
          <property name="File/ImageHeight" value="3024"/>
          <property name="File/ImageWidth" value="4032"/>
          <property name="System/FileModifyDate" value="2022:11:07 14:14:44"/>
          <property name="System/FileSize" value="5854333"/>
        </meta>
      </photo>
    </camera>
    <camera camera_id="29">
      <photo path="../../../../Downloads/bench/IMG_0987.JPG">
        <meta>
          <property name="Exif/ApertureValue" value="1.35614"/>
          <property name="Exif/DateTime" value="2022:11:07 14:14:45"/>
          <property name="Exif/DateTimeOriginal" value="2022:11:07 14:14:45"/>
          <property name="Exif/ExposureTime" value="0.00143678"/>
          <property name="Exif/FNumber" value="1.6"/>
          <property name="Exif/FocalLength" value="5.1"/>
          <property name="Exif/FocalLengthIn35mmFilm" value="26"/>
          <property name="Exif/GPSAltitude" value="182.968410661402"/>
          <property name="Exif/GPSDate" value="2022:11:07"/>
          <property name="Exif/GPSImgDirection" value="314.101714961561"/>
          <property name="Exif/GPSLatitude" value="41.7899555555556"/>
          <property name="Exif/GPSLongitude" value="-87.5982055555556"/>
          <property name="Exif/ISOSpeedRatings" value="50"/>
          <property name="Exif/LensMake" value="Apple"/>
          <property name="Exif/LensModel" value="iPhone 13 back dual wide camera 5.1mm f/1.6"/>
          <property name="Exif/Make" value="Apple"/>
          <property name="Exif/Model" value="iPhone 13"/>
          <property name="Exif/Orientation" value="6"/>
          <property name="Exif/ShutterSpeedValue" value="9.44373"/>
          <property name="Exif/Software" value="16.0"/>
          <property name="File/ImageHeight" value="3024"/>
          <property name="File/ImageWidth" value="4032"/>
          <property name="System/FileModifyDate" value="2022:11:07 14:14:45"/>
          <property name="System/FileSize" value="5956049"/>
        </meta>
      </photo>
    </camera>
    <camera camera_id="30">
      <photo path="../../../../Downloads/bench/IMG_0988.JPG">
        <meta>
          <property name="Exif/ApertureValue" value="1.35614"/>
          <property name="Exif/DateTime" value="2022:11:07 14:14:47"/>
          <property name="Exif/DateTimeOriginal" value="2022:11:07 14:14:47"/>
          <property name="Exif/ExposureTime" value="0.00145349"/>
          <property name="Exif/FNumber" value="1.6"/>
          <property name="Exif/FocalLength" value="5.1"/>
          <property name="Exif/FocalLengthIn35mmFilm" value="26"/>
          <property name="Exif/GPSAltitude" value="182.969448094612"/>
          <property name="Exif/GPSDate" value="2022:11:07"/>
          <property name="Exif/GPSImgDirection" value="316.609649669617"/>
          <property name="Exif/GPSLatitude" value="41.7899583333333"/>
          <property name="Exif/GPSLongitude" value="-87.5982138888889"/>
          <property name="Exif/ISOSpeedRatings" value="50"/>
          <property name="Exif/LensMake" value="Apple"/>
          <property name="Exif/LensModel" value="iPhone 13 back dual wide camera 5.1mm f/1.6"/>
          <property name="Exif/Make" value="Apple"/>
          <property name="Exif/Model" value="iPhone 13"/>
          <property name="Exif/Orientation" value="6"/>
          <property name="Exif/ShutterSpeedValue" value="9.42675"/>
          <property name="Exif/Software" value="16.0"/>
          <property name="File/ImageHeight" value="3024"/>
          <property name="File/ImageWidth" value="4032"/>
          <property name="System/FileModifyDate" value="2022:11:07 14:14:47"/>
          <property name="System/FileSize" value="5794804"/>
        </meta>
      </photo>
    </camera>
    <camera camera_id="31">
      <photo path="../../../../Downloads/bench/IMG_0989.JPG">
        <meta>
          <property name="Exif/ApertureValue" value="1.35614"/>
          <property name="Exif/DateTime" value="2022:11:07 14:14:54"/>
          <property name="Exif/DateTimeOriginal" value="2022:11:07 14:14:54"/>
          <property name="Exif/ExposureTime" value="0.000572082"/>
          <property name="Exif/FNumber" value="1.6"/>
          <property name="Exif/FocalLength" value="5.1"/>
          <property name="Exif/FocalLengthIn35mmFilm" value="26"/>
          <property name="Exif/GPSAltitude" value="182.73995584989"/>
          <property name="Exif/GPSDate" value="2022:11:07"/>
          <property name="Exif/GPSImgDirection" value="86.560203504805"/>
          <property name="Exif/GPSLatitude" value="41.7899694444444"/>
          <property name="Exif/GPSLongitude" value="-87.5982666666667"/>
          <property name="Exif/ISOSpeedRatings" value="50"/>
          <property name="Exif/LensMake" value="Apple"/>
          <property name="Exif/LensModel" value="iPhone 13 back dual wide camera 5.1mm f/1.6"/>
          <property name="Exif/Make" value="Apple"/>
          <property name="Exif/Model" value="iPhone 13"/>
          <property name="Exif/Orientation" value="6"/>
          <property name="Exif/ShutterSpeedValue" value="10.7717"/>
          <property name="Exif/Software" value="16.0"/>
          <property name="File/ImageHeight" value="3024"/>
          <property name="File/ImageWidth" value="4032"/>
          <property name="System/FileModifyDate" value="2022:11:07 14:14:54"/>
          <property name="System/FileSize" value="6637034"/>
        </meta>
      </photo>
    </camera>
  </cameras>
  <thumbnails path="thumbnails/thumbnails.zip"/>
  <point_cloud path="point_cloud/point_cloud.zip"/>
  <depth_maps id="0" path="depth_maps/depth_maps.zip"/>
  <dense_cloud id="0" path="dense_cloud/dense_cloud.zip"/>
  <model id="0" path="model/model.zip"/>
</frame>
