<?xml version="1.0" encoding="UTF-8"?>
<point_cloud version="1.7.0">
  <params>
    <dataType>uint8</dataType>
    <bands>
      <band label="Red"/>
      <band label="Green"/>
      <band label="Blue"/>
    </bands>
  </params>
  <tracks path="tracks.ply" count="34591"/>
  <points component_id="2" path="points2.ply" count="23785"/>
  <projections camera_id="0" path="p0.ply" count="836"/>
  <projections camera_id="1" path="p1.ply" count="255"/>
  <projections camera_id="2" path="p2.ply" count="3982"/>
  <projections camera_id="3" path="p3.ply" count="1372"/>
  <projections camera_id="4" path="p4.ply" count="1696"/>
  <projections camera_id="5" path="p5.ply" count="4054"/>
  <projections camera_id="6" path="p6.ply" count="3558"/>
  <projections camera_id="7" path="p7.ply" count="4270"/>
  <projections camera_id="8" path="p8.ply" count="4010"/>
  <projections camera_id="9" path="p9.ply" count="1666"/>
  <projections camera_id="10" path="p10.ply" count="1453"/>
  <projections camera_id="11" path="p11.ply" count="4001"/>
  <projections camera_id="12" path="p12.ply" count="4006"/>
  <projections camera_id="13" path="p13.ply" count="626"/>
  <projections camera_id="14" path="p14.ply" count="4763"/>
  <projections camera_id="15" path="p15.ply" count="4013"/>
  <projections camera_id="16" path="p16.ply" count="4032"/>
  <projections camera_id="17" path="p17.ply" count="4261"/>
  <projections camera_id="18" path="p18.ply" count="4003"/>
  <projections camera_id="19" path="p19.ply" count="4568"/>
  <projections camera_id="20" path="p20.ply" count="3292"/>
  <projections camera_id="21" path="p21.ply" count="1937"/>
  <projections camera_id="22" path="p22.ply" count="4665"/>
  <projections camera_id="23" path="p23.ply" count="6354"/>
  <projections camera_id="24" path="p24.ply" count="5836"/>
  <projections camera_id="25" path="p25.ply" count="4130"/>
  <projections camera_id="26" path="p26.ply" count="4132"/>
  <meta>
    <property name="Info/LastSavedDateTime" value="2022:11:09 19:35:21"/>
    <property name="Info/LastSavedSoftwareVersion" value="1.8.4.14856"/>
    <property name="Info/OriginalDateTime" value="2022:11:09 19:28:54"/>
    <property name="Info/OriginalSoftwareVersion" value="1.8.4.14856"/>
    <property name="MatchPhotos/cameras" value=""/>
    <property name="MatchPhotos/descriptor_type" value="binary"/>
    <property name="MatchPhotos/descriptor_version" value="1.1.0"/>
    <property name="MatchPhotos/downscale" value="0"/>
    <property name="MatchPhotos/duration" value="45.625123"/>
    <property name="MatchPhotos/filter_mask" value="false"/>
    <property name="MatchPhotos/filter_stationary_points" value="true"/>
    <property name="MatchPhotos/generic_preselection" value="true"/>
    <property name="MatchPhotos/guided_matching" value="false"/>
    <property name="MatchPhotos/keep_keypoints" value="false"/>
    <property name="MatchPhotos/keypoint_limit" value="40000"/>
    <property name="MatchPhotos/keypoint_limit_per_mpx" value="1000"/>
    <property name="MatchPhotos/mask_tiepoints" value="false"/>
    <property name="MatchPhotos/max_workgroup_size" value="100"/>
    <property name="MatchPhotos/ram_used" value="166477824"/>
    <property name="MatchPhotos/reference_preselection" value="true"/>
    <property name="MatchPhotos/reference_preselection_mode" value="1"/>
    <property name="MatchPhotos/reset_matches" value="true"/>
    <property name="MatchPhotos/subdivide_task" value="true"/>
    <property name="MatchPhotos/tiepoint_limit" value="4000"/>
    <property name="MatchPhotos/workitem_size_cameras" value="20"/>
    <property name="MatchPhotos/workitem_size_pairs" value="80"/>
  </meta>
</point_cloud>
